-- phpMyAdmin SQL Dump
-- version 5.2.1
-- https://www.phpmyadmin.net/
--
-- Host: localhost
-- Generation Time: Aug 25, 2025 at 12:46 PM
-- Server version: 10.4.28-MariaDB
-- PHP Version: 8.2.4

SET SQL_MODE = "NO_AUTO_VALUE_ON_ZERO";
START TRANSACTION;
SET time_zone = "+00:00";


/*!40101 SET @OLD_CHARACTER_SET_CLIENT=@@CHARACTER_SET_CLIENT */;
/*!40101 SET @OLD_CHARACTER_SET_RESULTS=@@CHARACTER_SET_RESULTS */;
/*!40101 SET @OLD_COLLATION_CONNECTION=@@COLLATION_CONNECTION */;
/*!40101 SET NAMES utf8mb4 */;

--
-- Database: `sroiv4`
--

-- --------------------------------------------------------

--
-- Table structure for table `activities`
--

CREATE TABLE `activities` (
  `activity_id` int(11) NOT NULL,
  `strategy_id` int(11) NOT NULL,
  `activity_code` varchar(20) NOT NULL,
  `activity_name` varchar(500) NOT NULL,
  `activity_description` text DEFAULT NULL
) ENGINE=InnoDB DEFAULT CHARSET=utf8mb4 COLLATE=utf8mb4_general_ci;

--
-- Dumping data for table `activities`
--

INSERT INTO `activities` (`activity_id`, `strategy_id`, `activity_code`, `activity_name`, `activity_description`) VALUES
(1, 1, '1', 'พัฒนาความรู้/ทักษะ/ศักยภาพ/ทักษะอาชีพ', NULL),
(2, 1, '2', 'ออกแบบ/พัฒนา/เพิ่มมูลค่าผลิตภัณฑ์', NULL),
(3, 1, '2.1', 'แปรรูปผลิตภัณฑ์/พัฒนาผลิตภัณฑ์ใหม่/ผลิตภัณฑ์สร้างสรรค์ (พัฒนาบรรจุภัณฑ์ โลโก้แบรนด์)', NULL),
(4, 1, '2.2', 'พัฒนามาตรฐานผลิตภัณฑ์', NULL),
(5, 1, '2.3', 'ผลิตภัณฑ์ได้รับการจดทะเบียนทรัพย์สินทางปัญญา', NULL),
(6, 1, '3', 'พัฒนาศักยภาพการท่องเที่ยว', NULL),
(7, 1, '3.1', 'พัฒนาที่พัก (โฮมสเตย์)', NULL),
(8, 1, '3.2', 'พัฒนากิจกรรมการท่องเที่ยว', NULL),
(9, 1, '3.3', 'พัฒนาเส้นทางการท่องเที่ยว/แผนที่ท่องเที่ยว', NULL),
(10, 1, '4', 'จัดทำ/พัฒนาหลักสูตร/โปรแกรมสำเร็จรูปต่างๆ', NULL),
(11, 1, '5', 'พัฒนาตลาดและช่องทางการจัดจำหน่าย', NULL),
(12, 1, '6', 'สร้างหรือพัฒนาแหล่งเรียนรู้หรือศูนย์เรียนรู้', NULL),
(13, 1, '7', 'จัดตั้งกลุ่มวิสาหกิจชุมชน', NULL),
(14, 1, '8', 'พัฒนา/สร้างทุน/กระบวนการผลิต', NULL),
(15, 1, '9', 'พัฒนาหรือสร้างนวัตกรรม', NULL),
(16, 1, '10', 'สร้างและพัฒนาเครือข่าย', NULL),
(17, 1, '11', 'พัฒนาสังคม คุณภาพชีวิต และสิ่งแวดล้อม', NULL),
(18, 1, '11.1', 'อบรม/กิจกรรมเกี่ยวกับความสุข', NULL),
(19, 1, '11.2', 'อบรม/กิจกรรมเกี่ยวกับความรัก ความสามัคคีในชุมชน', NULL),
(20, 1, '11.3', 'อบรม/กิจกรรมเกี่ยวกับคุณธรรมจริยธรรม', NULL),
(21, 1, '11.4', 'พัฒนาสุขภาพ', NULL),
(22, 1, '11.5', 'พัฒนาสิ่งแวดล้อม', NULL),
(23, 2, '1', 'จัดอบรม/พัฒนาครูและบุคลากรทางการศึกษา', 'การจัดอบรมเพื่อพัฒนาศักยภาพครูและบุคลากรทางการศึกษา'),
(24, 2, '2', 'สร้าง/พัฒนานวัตกรรมชุดการเรียนการสอน หรือ นวัตกรรมการจัดการเรียนรู้เพื่อพัฒนาผู้เรียน (เช่น สื่อการเรียนการสอนในรูปเเบบต่างๆ)', 'การสร้างและพัฒนานวัตกรรมสำหรับการเรียนการสอน รวมถึงสื่อการเรียนรู้ในรูปแบบต่างๆ เพื่อพัฒนานักเรียน'),
(27, 2, '3', 'จัดทำหลักสูตรการเรียนรู้แบบบูรณาการ/พัฒนาหลักสูตร', 'การจัดทำและพัฒนาหลักสูตรการเรียนรู้แบบบูรณาการ รวมถึงหลักสูตรอบรมด้านต่างๆ เพื่อพัฒนาครูและนักเรียน'),
(30, 2, '4', 'พัฒนานักศึกษาครู/เตรียมความพร้อมก่อนออกฝึก (ประมวลความรู้ ปฐมนิเทศ ทดสอบความรู้)', 'การพัฒนาศักยภาพและเตรียมความพร้อมให้กับนักศึกษาครูก่อนออกไปปฏิบัติการสอนจริง'),
(32, 2, '5', 'สร้างและพัฒนาเครือข่าย', 'การสร้างและพัฒนาเครือข่ายความร่วมมือในด้านการผลิตและพัฒนาครู ทั้งในระดับท้องถิ่น ระดับชาติ และระดับนานาชาติ'),
(33, 3, '1', 'สหกิจศึกษา', 'กิจกรรมสหกิจศึกษาเพื่อพัฒนาศักยภาพนักศึกษาและเชื่อมโยงกับภาคอุตสาหกรรม'),
(34, 3, '1.1', 'อบรมเชิงปฏิบัติการเตรียมความพร้อมการฝึกงานแบบบูรณาการกับการทำงาน', 'การอบรมเพื่อเตรียมความพร้อมของนักศึกษาก่อนออกฝึกงาน รวมถึงทักษะการทำงานและการปรับตัว'),
(35, 3, '1.2', 'การประกวดงานวิจัยและนวัตกรรมสหกิจศึกษา', 'การจัดประกวดเพื่อส่งเสริมการสร้างสรรค์ผลงานวิจัยและนวัตกรรมจากประสบการณ์สหกิจศึกษา'),
(36, 3, '1.3', 'การจัดทำ MOU ร่วมกับหน่วยงานที่ภาครัฐและเอกชน', 'การสร้างเครือข่ายความร่วมมือกับองค์กรต่างๆ เพื่อรองรับนักศึกษาสหกิจศึกษา'),
(37, 3, '2', 'การพัฒนาศักยภาพอาจารย์นิเทศให้เป็นไปตามเกณฑ์มาตรฐานของ สกอ.', 'การพัฒนาและยกระดับความรู้ ทักษะ และสมรรถนะของอาจารย์นิเทศให้เป็นไปตามมาตรฐานของสำนักงานคณะกรรมการการอุดมศึกษา (สกอ.)'),
(38, 3, '3', 'พัฒนาทักษะด้านภาษาอังกฤษ (CEFR)', 'การพัฒนาและยกระดับทักษะด้านภาษาอังกฤษของนักศึกษาและบุคลากรตามกรอบมาตรฐาน Common European Framework of Reference for Languages (CEFR)'),
(39, 3, '4', 'Start Up', 'กิจกรรมส่งเสริมการสร้างธุรกิจเริ่มต้นและพัฒนาผู้ประกอบการรุ่นใหม่'),
(40, 3, '4.1', 'อบรมพัฒนาทักษะการเป็นผู้ประกอบการรุ่นใหม่', 'การอบรมเพื่อพัฒนาทักษะและความรู้ด้านการประกอบการ การบริหารธุรกิจ และการสร้างนวัตกรรมสำหรับผู้ประกอบการรุ่นใหม่'),
(41, 3, '4.2', 'บ่มเพาะนักศึกษาสู่การเป็นผู้ประกอบการรุ่นใหม่', 'การให้คำปรึกษาและสนับสนุนนักศึกษาที่มีไอเดียธุรกิจให้สามารถพัฒนาเป็นธุรกิจจริงและเป็นผู้ประกอบการรุ่นใหม่'),
(42, 3, '5', 'วิศวกรสังคม โดยอบรมเชิงปฏิบัติการ ความรู้ศาสตร์พระราชาและหลักเศรษฐกิจพอเพียง SDGs (เป้าหมายการพัฒนาที่ยั่งยืน) เครื่องมือการวิเคราะห์ชุมชน เช่น SWOT, 5W1H, การตั้งคำถาม Soft Skills เช่น การทำงานเป็นทีม การสื่อสาร การรับฟัง การเรียนรู้จากกรณีศึกษาจริง กิจกรรมสร้างแรงบันดาลใจ (Motivation Camp) Workshop การเขียนโครงการเพื่อพัฒนาชุมชน', 'กิจกรรมอบรมเชิงปฏิบัติการเพื่อพัฒนาวิศวกรสังคมที่มีความรู้และทักษะในการทำงานเพื่อสังคม ครอบคลุมศาสตร์พระราชา เศรษฐกิจพอเพียง SDGs เครื่องมือวิเคราะห์ชุมชน ทักษะการทำงานร่วมกัน และการพัฒนาโครงการชุมชน'),
(43, 4, '1', 'ประชุมเตรียมความพร้อมในการบริหารจัดการ', 'การจัดประชุมเพื่อเตรียมความพร้อมและวางแผนในการบริหารจัดการองค์กรให้มีประสิทธิภาพและตอบสนองต่อการเปลี่ยนแปลง'),
(44, 4, '2', 'พัฒนา/ปรับปรุงระบบนิเวศ เพิ่มประสิทธิภาพในการจัดการเรียนการสอนและการบริหารจัดการมหาวิทยาลัย สนับสนุนและพัฒนาระบบสาธารณูปโภคขั้นพื้นฐานเพื่อบริหารจัดการมหาวิทยาลัยสู่ความเป็นเลิศ', 'การพัฒนาและปรับปรุงระบบนิเวศของมหาวิทยาลัยเพื่อเพิ่มประสิทธิภาพในการจัดการเรียนการสอนและการบริหารจัดการ พร้อมทั้งสนับสนุนและพัฒนาระบบสาธารณูปโภคขั้นพื้นฐานเพื่อมุ่งสู่ความเป็นเลิศ'),
(45, 4, '3', 'บริหารจัดการสู่การเป็น\"มหาวิทยาลัยสีเขียว\"', 'การบริหารจัดการและพัฒนามหาวิทยาลัยให้เป็นมหาวิทยาลัยสีเขียว (Green University) ที่เป็นมิตรต่อสิ่งแวดล้อม ใช้ทรัพยากรอย่างยั่งยืน และส่งเสริมการอนุรักษ์สิ่งแวดล้อม');

-- --------------------------------------------------------

--
-- Table structure for table `audit_logs`
--

CREATE TABLE `audit_logs` (
  `id` int(11) NOT NULL,
  `table_name` varchar(100) NOT NULL COMMENT 'ชื่อตาราง',
  `record_id` varchar(50) NOT NULL COMMENT 'รหัสระเบียน',
  `action` enum('INSERT','UPDATE','DELETE','SELECT') NOT NULL COMMENT 'การกระทำ',
  `old_values` longtext CHARACTER SET utf8mb4 COLLATE utf8mb4_bin DEFAULT NULL COMMENT 'ค่าเดิม' CHECK (json_valid(`old_values`)),
  `new_values` longtext CHARACTER SET utf8mb4 COLLATE utf8mb4_bin DEFAULT NULL COMMENT 'ค่าใหม่' CHECK (json_valid(`new_values`)),
  `changed_fields` longtext CHARACTER SET utf8mb4 COLLATE utf8mb4_bin DEFAULT NULL COMMENT 'ฟิลด์ที่เปลี่ยนแปลง' CHECK (json_valid(`changed_fields`)),
  `user_id` int(11) DEFAULT NULL COMMENT 'ผู้ดำเนินการ',
  `ip_address` varchar(45) DEFAULT NULL COMMENT 'IP Address',
  `user_agent` text DEFAULT NULL COMMENT 'User Agent',
  `session_id` varchar(100) DEFAULT NULL COMMENT 'Session ID',
  `timestamp` timestamp NOT NULL DEFAULT current_timestamp()
) ENGINE=InnoDB DEFAULT CHARSET=utf8mb4 COLLATE=utf8mb4_unicode_ci COMMENT='ตารางบันทึกการตรวจสอบ';

--
-- Dumping data for table `audit_logs`
--

INSERT INTO `audit_logs` (`id`, `table_name`, `record_id`, `action`, `old_values`, `new_values`, `changed_fields`, `user_id`, `ip_address`, `user_agent`, `session_id`, `timestamp`) VALUES
(1, 'project_strategies', '1', 'INSERT', NULL, '{\"project_id\": 2, \"strategy_id\": 3, \"created_by\": \"3\"}', NULL, NULL, NULL, NULL, NULL, '2025-08-25 06:07:02'),
(2, 'project_activities', '56', 'INSERT', NULL, '{\"project_id\": 2, \"activity_id\": 34, \"created_by\": \"3\"}', NULL, NULL, NULL, NULL, NULL, '2025-08-25 06:08:08'),
(3, 'project_activities', '57', 'INSERT', NULL, '{\"project_id\": 2, \"activity_id\": 34, \"created_by\": \"3\"}', NULL, NULL, NULL, NULL, NULL, '2025-08-25 07:05:35'),
(4, 'project_outputs', '57', 'INSERT', NULL, '{\"project_id\": 2, \"output_id\": 54, \"created_by\": \"3\"}', NULL, NULL, NULL, NULL, NULL, '2025-08-25 07:09:30'),
(5, 'project_activities', '58', 'INSERT', NULL, '{\"project_id\": 2, \"activity_id\": 34, \"created_by\": \"3\"}', NULL, NULL, NULL, NULL, NULL, '2025-08-25 07:17:48'),
(6, 'project_activities', '59', 'INSERT', NULL, '{\"project_id\": 2, \"activity_id\": 34, \"created_by\": \"3\"}', NULL, NULL, NULL, NULL, NULL, '2025-08-25 07:18:16'),
(7, 'project_activities', '60', 'INSERT', NULL, '{\"project_id\": 2, \"activity_id\": 34, \"created_by\": \"3\"}', NULL, NULL, NULL, NULL, NULL, '2025-08-25 07:19:52'),
(8, 'project_activities', '61', 'INSERT', NULL, '{\"project_id\": 2, \"activity_id\": 34, \"created_by\": \"3\"}', NULL, NULL, NULL, NULL, NULL, '2025-08-25 07:25:51'),
(9, 'project_activities', '62', 'INSERT', NULL, '{\"project_id\": 2, \"activity_id\": 34, \"created_by\": \"3\"}', NULL, NULL, NULL, NULL, NULL, '2025-08-25 07:28:20'),
(10, 'project_activities', '63', 'INSERT', NULL, '{\"project_id\": 2, \"activity_id\": 34, \"created_by\": \"3\"}', NULL, NULL, NULL, NULL, NULL, '2025-08-25 07:39:08'),
(11, 'project_outputs', '1', 'INSERT', NULL, '{\"project_id\": 2, \"output_id\": 54, \"created_by\": \"3\"}', NULL, NULL, NULL, NULL, NULL, '2025-08-25 07:46:19'),
(12, 'project_activities', '64', 'INSERT', NULL, '{\"project_id\": 2, \"activity_id\": 35, \"created_by\": \"3\"}', NULL, NULL, NULL, NULL, NULL, '2025-08-25 07:46:43'),
(13, 'project_outputs', '2', 'INSERT', NULL, '{\"project_id\": 2, \"output_id\": 55, \"created_by\": \"3\"}', NULL, NULL, NULL, NULL, NULL, '2025-08-25 07:47:16'),
(14, 'project_activities', '65', 'INSERT', NULL, '{\"project_id\": 2, \"activity_id\": 35, \"created_by\": \"3\"}', NULL, NULL, NULL, NULL, NULL, '2025-08-25 07:48:06'),
(15, 'project_outputs', '3', 'INSERT', NULL, '{\"project_id\": 2, \"output_id\": 55, \"created_by\": \"3\"}', NULL, NULL, NULL, NULL, NULL, '2025-08-25 07:50:56'),
(16, 'project_activities', '66', 'INSERT', NULL, '{\"project_id\": 2, \"activity_id\": 36, \"created_by\": \"3\"}', NULL, NULL, NULL, NULL, NULL, '2025-08-25 07:51:19'),
(17, 'project_activities', '67', 'INSERT', NULL, '{\"project_id\": 2, \"activity_id\": 35, \"created_by\": \"3\"}', NULL, NULL, NULL, NULL, NULL, '2025-08-25 08:17:30'),
(18, 'project_outputs', '4', 'INSERT', NULL, '{\"project_id\": 2, \"output_id\": 56, \"created_by\": \"3\"}', NULL, NULL, NULL, NULL, NULL, '2025-08-25 08:17:56'),
(19, 'project_activities', '68', 'INSERT', NULL, '{\"project_id\": 2, \"activity_id\": 35, \"created_by\": \"3\"}', NULL, NULL, NULL, NULL, NULL, '2025-08-25 08:18:30'),
(20, 'project_outputs', '5', 'INSERT', NULL, '{\"project_id\": 2, \"output_id\": 56, \"created_by\": \"3\"}', NULL, NULL, NULL, NULL, NULL, '2025-08-25 08:19:05'),
(21, 'project_activities', '69', 'INSERT', NULL, '{\"project_id\": 2, \"activity_id\": 34, \"created_by\": \"3\"}', NULL, NULL, NULL, NULL, NULL, '2025-08-25 08:19:20'),
(22, 'project_outputs', '6', 'INSERT', NULL, '{\"project_id\": 2, \"output_id\": 56, \"created_by\": \"3\"}', NULL, NULL, NULL, NULL, NULL, '2025-08-25 08:19:51'),
(23, 'project_strategies', '1', 'INSERT', NULL, '{\"project_id\": 2, \"strategy_id\": 4, \"created_by\": \"3\"}', NULL, NULL, NULL, NULL, NULL, '2025-08-25 09:35:32'),
(24, 'project_activities', '1', 'INSERT', NULL, '{\"project_id\": 2, \"activity_id\": 43, \"created_by\": \"3\"}', NULL, NULL, NULL, NULL, NULL, '2025-08-25 09:35:44'),
(25, 'project_outputs', '1', 'INSERT', NULL, '{\"project_id\": 2, \"output_id\": 66, \"created_by\": \"3\"}', NULL, NULL, NULL, NULL, NULL, '2025-08-25 09:36:09'),
(26, 'project_strategies', '1', 'INSERT', NULL, '{\"project_id\": 2, \"strategy_id\": 4, \"created_by\": \"3\"}', NULL, NULL, NULL, NULL, NULL, '2025-08-25 09:41:59'),
(27, 'project_activities', '1', 'INSERT', NULL, '{\"project_id\": 2, \"activity_id\": 44, \"created_by\": \"3\"}', NULL, NULL, NULL, NULL, NULL, '2025-08-25 09:42:03'),
(28, 'project_outputs', '1', 'INSERT', NULL, '{\"project_id\": 2, \"output_id\": 69, \"created_by\": \"3\"}', NULL, NULL, NULL, NULL, NULL, '2025-08-25 09:42:14'),
(29, 'project_activities', '2', 'INSERT', NULL, '{\"project_id\": 2, \"activity_id\": 43, \"created_by\": \"3\"}', NULL, NULL, NULL, NULL, NULL, '2025-08-25 09:42:34'),
(30, 'project_outputs', '2', 'INSERT', NULL, '{\"project_id\": 2, \"output_id\": 70, \"created_by\": \"3\"}', NULL, NULL, NULL, NULL, NULL, '2025-08-25 09:43:16'),
(31, 'project_strategies', '1', 'INSERT', NULL, '{\"project_id\": 2, \"strategy_id\": 4, \"created_by\": \"3\"}', NULL, NULL, NULL, NULL, NULL, '2025-08-25 09:44:35'),
(32, 'project_activities', '3', 'INSERT', NULL, '{\"project_id\": 2, \"activity_id\": 43, \"created_by\": \"3\"}', NULL, NULL, NULL, NULL, NULL, '2025-08-25 09:44:42'),
(33, 'project_outputs', '1', 'INSERT', NULL, '{\"project_id\": 2, \"output_id\": 69, \"created_by\": \"3\"}', NULL, NULL, NULL, NULL, NULL, '2025-08-25 09:44:59'),
(34, 'project_strategies', '1', 'INSERT', NULL, '{\"project_id\": 2, \"strategy_id\": 4, \"created_by\": \"3\"}', NULL, NULL, NULL, NULL, NULL, '2025-08-25 09:46:08'),
(35, 'project_strategies', '1', 'INSERT', NULL, '{\"project_id\": 2, \"strategy_id\": 4, \"created_by\": \"3\"}', NULL, NULL, NULL, NULL, NULL, '2025-08-25 09:46:43'),
(36, 'project_activities', '1', 'INSERT', NULL, '{\"project_id\": 2, \"activity_id\": 43, \"created_by\": \"3\"}', NULL, NULL, NULL, NULL, NULL, '2025-08-25 09:47:08'),
(37, 'project_outputs', '1', 'INSERT', NULL, '{\"project_id\": 2, \"output_id\": 66, \"created_by\": \"3\"}', NULL, NULL, NULL, NULL, NULL, '2025-08-25 09:47:29'),
(38, 'project_strategies', '1', 'INSERT', NULL, '{\"project_id\": 2, \"strategy_id\": 4, \"created_by\": \"3\"}', NULL, NULL, NULL, NULL, NULL, '2025-08-25 09:53:03'),
(39, 'project_activities', '1', 'INSERT', NULL, '{\"project_id\": 2, \"activity_id\": 43, \"created_by\": \"3\"}', NULL, NULL, NULL, NULL, NULL, '2025-08-25 09:53:17'),
(40, 'project_outputs', '1', 'INSERT', NULL, '{\"project_id\": 2, \"output_id\": 67, \"created_by\": \"3\"}', NULL, NULL, NULL, NULL, NULL, '2025-08-25 09:53:31'),
(41, 'project_activities', '2', 'INSERT', NULL, '{\"project_id\": 2, \"activity_id\": 43, \"created_by\": \"3\"}', NULL, NULL, NULL, NULL, NULL, '2025-08-25 09:53:53'),
(42, 'project_outputs', '2', 'INSERT', NULL, '{\"project_id\": 2, \"output_id\": 68, \"created_by\": \"3\"}', NULL, NULL, NULL, NULL, NULL, '2025-08-25 09:54:21'),
(43, 'project_strategies', '1', 'INSERT', NULL, '{\"project_id\": 2, \"strategy_id\": 4, \"created_by\": \"3\"}', NULL, NULL, NULL, NULL, NULL, '2025-08-25 10:05:14'),
(44, 'project_activities', '1', 'INSERT', NULL, '{\"project_id\": 2, \"activity_id\": 45, \"created_by\": \"3\"}', NULL, NULL, NULL, NULL, NULL, '2025-08-25 10:05:18'),
(45, 'project_outputs', '1', 'INSERT', NULL, '{\"project_id\": 2, \"output_id\": 72, \"created_by\": \"3\"}', NULL, NULL, NULL, NULL, NULL, '2025-08-25 10:05:29'),
(46, 'project_activities', '2', 'INSERT', NULL, '{\"project_id\": 2, \"activity_id\": 45, \"created_by\": \"3\"}', NULL, NULL, NULL, NULL, NULL, '2025-08-25 10:05:34'),
(47, 'project_outputs', '2', 'INSERT', NULL, '{\"project_id\": 2, \"output_id\": 73, \"created_by\": \"3\"}', NULL, NULL, NULL, NULL, NULL, '2025-08-25 10:05:45'),
(48, 'project_activities', '3', 'INSERT', NULL, '{\"project_id\": 2, \"activity_id\": 43, \"created_by\": \"3\"}', NULL, NULL, NULL, NULL, NULL, '2025-08-25 10:05:48'),
(49, 'project_outputs', '3', 'INSERT', NULL, '{\"project_id\": 2, \"output_id\": 72, \"created_by\": \"3\"}', NULL, NULL, NULL, NULL, NULL, '2025-08-25 10:06:16'),
(50, 'project_strategies', '1', 'INSERT', NULL, '{\"project_id\": 2, \"strategy_id\": 4, \"created_by\": \"3\"}', NULL, NULL, NULL, NULL, NULL, '2025-08-25 10:10:00'),
(51, 'project_activities', '1', 'INSERT', NULL, '{\"project_id\": 2, \"activity_id\": 43, \"created_by\": \"3\"}', NULL, NULL, NULL, NULL, NULL, '2025-08-25 10:10:04'),
(52, 'project_outputs', '1', 'INSERT', NULL, '{\"project_id\": 2, \"output_id\": 66, \"created_by\": \"3\"}', NULL, NULL, NULL, NULL, NULL, '2025-08-25 10:10:29'),
(53, 'project_activities', '2', 'INSERT', NULL, '{\"project_id\": 2, \"activity_id\": 43, \"created_by\": \"3\"}', NULL, NULL, NULL, NULL, NULL, '2025-08-25 10:15:37'),
(54, 'project_outputs', '2', 'INSERT', NULL, '{\"project_id\": 2, \"output_id\": 66, \"created_by\": \"3\"}', NULL, NULL, NULL, NULL, NULL, '2025-08-25 10:15:49'),
(55, 'project_strategies', '1', 'INSERT', NULL, '{\"project_id\": 2, \"strategy_id\": 4, \"created_by\": \"3\"}', NULL, NULL, NULL, NULL, NULL, '2025-08-25 10:20:09'),
(56, 'project_activities', '1', 'INSERT', NULL, '{\"project_id\": 2, \"activity_id\": 43, \"created_by\": \"3\"}', NULL, NULL, NULL, NULL, NULL, '2025-08-25 10:20:13'),
(57, 'project_outputs', '1', 'INSERT', NULL, '{\"project_id\": 2, \"output_id\": 66, \"created_by\": \"3\"}', NULL, NULL, NULL, NULL, NULL, '2025-08-25 10:20:24'),
(58, 'project_activities', '2', 'INSERT', NULL, '{\"project_id\": 2, \"activity_id\": 43, \"created_by\": \"3\"}', NULL, NULL, NULL, NULL, NULL, '2025-08-25 10:20:30'),
(59, 'project_outputs', '2', 'INSERT', NULL, '{\"project_id\": 2, \"output_id\": 67, \"created_by\": \"3\"}', NULL, NULL, NULL, NULL, NULL, '2025-08-25 10:20:39'),
(60, 'project_activities', '3', 'INSERT', NULL, '{\"project_id\": 2, \"activity_id\": 43, \"created_by\": \"3\"}', NULL, NULL, NULL, NULL, NULL, '2025-08-25 10:20:42'),
(61, 'project_outputs', '3', 'INSERT', NULL, '{\"project_id\": 2, \"output_id\": 68, \"created_by\": \"3\"}', NULL, NULL, NULL, NULL, NULL, '2025-08-25 10:20:57'),
(62, 'project_activities', '4', 'INSERT', NULL, '{\"project_id\": 2, \"activity_id\": 44, \"created_by\": \"3\"}', NULL, NULL, NULL, NULL, NULL, '2025-08-25 10:22:30'),
(63, 'project_activities', '5', 'INSERT', NULL, '{\"project_id\": 2, \"activity_id\": 45, \"created_by\": \"3\"}', NULL, NULL, NULL, NULL, NULL, '2025-08-25 10:22:54'),
(64, 'project_strategies', '1', 'INSERT', NULL, '{\"project_id\": 2, \"strategy_id\": 1, \"created_by\": \"3\"}', NULL, NULL, NULL, NULL, NULL, '2025-08-25 10:25:09'),
(65, 'project_activities', '6', 'INSERT', NULL, '{\"project_id\": 2, \"activity_id\": 1, \"created_by\": \"3\"}', NULL, NULL, NULL, NULL, NULL, '2025-08-25 10:25:14'),
(66, 'project_outputs', '4', 'INSERT', NULL, '{\"project_id\": 2, \"output_id\": 2, \"created_by\": \"3\"}', NULL, NULL, NULL, NULL, NULL, '2025-08-25 10:25:27'),
(67, 'project_activities', '7', 'INSERT', NULL, '{\"project_id\": 2, \"activity_id\": 18, \"created_by\": \"3\"}', NULL, NULL, NULL, NULL, NULL, '2025-08-25 10:28:50');

-- --------------------------------------------------------

--
-- Table structure for table `impact_chains`
--

CREATE TABLE `impact_chains` (
  `id` int(11) NOT NULL,
  `project_id` int(11) NOT NULL,
  `chain_name` varchar(500) NOT NULL COMMENT 'ชื่อ Impact Chain (ใช้ชื่อกิจกรรม)',
  `activity_id` int(11) NOT NULL COMMENT 'กิจกรรมหลักของ Chain นี้',
  `sequence_order` int(11) DEFAULT 1 COMMENT 'ลำดับการสร้าง',
  `status` enum('active','inactive') DEFAULT 'active',
  `created_by` varchar(50) NOT NULL,
  `created_at` timestamp NOT NULL DEFAULT current_timestamp(),
  `updated_at` timestamp NOT NULL DEFAULT current_timestamp() ON UPDATE current_timestamp()
) ENGINE=InnoDB DEFAULT CHARSET=utf8mb4 COLLATE=utf8mb4_general_ci;

--
-- Dumping data for table `impact_chains`
--

INSERT INTO `impact_chains` (`id`, `project_id`, `chain_name`, `activity_id`, `sequence_order`, `status`, `created_by`, `created_at`, `updated_at`) VALUES
(40, 2, 'Impact Chain 1: ประชุมเตรียมความพร้อมในการบริหารจัดการ', 43, 1, 'active', '3', '2025-08-25 10:11:48', '2025-08-25 10:13:04'),
(41, 2, 'Impact Chain 2: แปรรูปผลิตภัณฑ์/พัฒนาผลิตภัณฑ์ใหม่/ผลิตภัณฑ์สร้างสรรค์ (พัฒนาบรรจุภัณฑ์ โลโก้แบรนด์)', 3, 2, 'active', '3', '2025-08-25 10:26:13', '2025-08-25 10:26:25');

-- --------------------------------------------------------

--
-- Table structure for table `impact_chain_activities`
--

CREATE TABLE `impact_chain_activities` (
  `id` int(11) NOT NULL,
  `impact_chain_id` int(11) NOT NULL,
  `activity_id` int(11) NOT NULL,
  `created_by` varchar(50) NOT NULL,
  `created_at` timestamp NOT NULL DEFAULT current_timestamp()
) ENGINE=InnoDB DEFAULT CHARSET=utf8mb4 COLLATE=utf8mb4_general_ci;

--
-- Dumping data for table `impact_chain_activities`
--

INSERT INTO `impact_chain_activities` (`id`, `impact_chain_id`, `activity_id`, `created_by`, `created_at`) VALUES
(35, 40, 43, '3', '2025-08-25 10:11:48'),
(36, 41, 3, '3', '2025-08-25 10:26:13');

-- --------------------------------------------------------

--
-- Table structure for table `impact_chain_outcomes`
--

CREATE TABLE `impact_chain_outcomes` (
  `id` int(11) NOT NULL,
  `impact_chain_id` int(11) NOT NULL,
  `outcome_id` int(11) NOT NULL,
  `outcome_details` text DEFAULT NULL COMMENT 'รายละเอียดเพิ่มเติมของผลลัพธ์',
  `evaluation_year` varchar(10) DEFAULT NULL COMMENT 'ปีที่ประเมิน',
  `benefit_data` longtext DEFAULT NULL COMMENT 'ข้อมูลผลประโยชน์ในรูปแบบ JSON',
  `created_by` varchar(50) NOT NULL,
  `created_at` timestamp NOT NULL DEFAULT current_timestamp()
) ENGINE=InnoDB DEFAULT CHARSET=utf8mb4 COLLATE=utf8mb4_general_ci;

-- --------------------------------------------------------

--
-- Table structure for table `impact_chain_outputs`
--

CREATE TABLE `impact_chain_outputs` (
  `id` int(11) NOT NULL,
  `impact_chain_id` int(11) NOT NULL,
  `output_id` int(11) NOT NULL,
  `output_details` text DEFAULT NULL COMMENT 'รายละเอียดเพิ่มเติมของผลผลิต',
  `created_by` varchar(50) NOT NULL,
  `created_at` timestamp NOT NULL DEFAULT current_timestamp()
) ENGINE=InnoDB DEFAULT CHARSET=utf8mb4 COLLATE=utf8mb4_general_ci;

--
-- Dumping data for table `impact_chain_outputs`
--

INSERT INTO `impact_chain_outputs` (`id`, `impact_chain_id`, `output_id`, `output_details`, `created_by`, `created_at`) VALUES
(61, 40, 68, 'คู่มือการปฏิบัติงานและการใช้งบประมาณ', '3', '2025-08-25 10:13:04'),
(62, 41, 6, 'ผลิตภัณฑ์ใหม่ จำนวน.....2..............ผลิตภัณฑ์ ได้แก่.........2..............', '3', '2025-08-25 10:26:25');

-- --------------------------------------------------------

--
-- Table structure for table `impact_chain_ratios`
--

CREATE TABLE `impact_chain_ratios` (
  `id` int(11) NOT NULL,
  `impact_chain_id` int(11) NOT NULL,
  `outcome_id` int(11) DEFAULT NULL,
  `deadweight` decimal(5,2) DEFAULT 0.00 COMMENT 'สัดส่วน Deadweight (%)',
  `attribution` decimal(5,2) DEFAULT 0.00 COMMENT 'สัดส่วน Attribution (%)',
  `displacement` decimal(5,2) DEFAULT 0.00 COMMENT 'สัดส่วน Displacement (%)',
  `drop_off` decimal(5,2) DEFAULT 0.00 COMMENT 'สัดส่วน Drop-off (%)',
  `created_by` varchar(50) NOT NULL,
  `created_at` timestamp NOT NULL DEFAULT current_timestamp(),
  `updated_at` timestamp NOT NULL DEFAULT current_timestamp() ON UPDATE current_timestamp(),
  `benefit_number` int(11) DEFAULT 1,
  `benefit_detail` text DEFAULT NULL,
  `beneficiary` text DEFAULT NULL,
  `benefit_note` text DEFAULT NULL,
  `year` varchar(20) DEFAULT NULL,
  `impact_ratio` decimal(10,4) DEFAULT 0.0000
) ENGINE=InnoDB DEFAULT CHARSET=utf8mb4 COLLATE=utf8mb4_general_ci;

-- --------------------------------------------------------

--
-- Table structure for table `outcomes`
--

CREATE TABLE `outcomes` (
  `outcome_id` int(11) NOT NULL,
  `output_id` int(11) NOT NULL COMMENT 'รหัสผลผลิตที่เกี่ยวข้อง',
  `outcome_sequence` varchar(10) NOT NULL COMMENT 'ลำดับผลลัพธ์',
  `outcome_description` text NOT NULL COMMENT 'รายละเอียดผลลัพธ์',
  `created_at` timestamp NOT NULL DEFAULT current_timestamp(),
  `updated_at` timestamp NOT NULL DEFAULT current_timestamp() ON UPDATE current_timestamp()
) ENGINE=InnoDB DEFAULT CHARSET=utf8mb4 COLLATE=utf8mb4_unicode_ci COMMENT='ตารางเก็บข้อมูลผลลัพธ์ (Outcomes)';

--
-- Dumping data for table `outcomes`
--

INSERT INTO `outcomes` (`outcome_id`, `output_id`, `outcome_sequence`, `outcome_description`, `created_at`, `updated_at`) VALUES
(1, 2, '1.1.1', 'กลุ่มเป้าหมาย จำนวน..........คน สามารถถ่ายทอดความรู้ เกี่ยวกับ.......................ให้กับ..................จำนวน..........คน (กลุ่ม/ชุมชน)', '2025-08-02 03:57:42', '2025-08-02 03:57:42'),
(2, 2, '1.1.2', 'กลุ่มเป้าหมาย จำนวน..........คน สามารถนำความรู้ ด้าน.......................มา....(ใช้ประโยชน์อย่างไร)....ทำให้สร้างรายได้เพิ่มขึ้น', '2025-08-02 03:57:42', '2025-08-02 03:57:42'),
(3, 2, '1.1.3', 'กลุ่มเป้าหมาย จำนวน..........คน สามารถนำความรู้ ด้าน.......................มา....(ใช้ประโยชน์อย่างไร)....ทำให้ต้นทุนลดลง', '2025-08-02 03:57:42', '2025-08-02 03:57:42'),
(4, 3, '1.2.1', 'กลุ่มเป้าหมาย จำนวน..........คน สามารถถ่ายทอดความรู้ความสามารถที่เกิดจากศักยภาพ ด้าน.......................ให้กับ..................จำนวน..........คน (กลุ่ม/ชุมชน)', '2025-08-02 04:04:42', '2025-08-02 04:04:42'),
(5, 3, '1.2.2', 'กลุ่มเป้าหมาย จำนวน..........คน สามารถนำความรู้ความสามารถที่เกิดจากศักยภาพ ด้าน.......................มา....(ใช้ประโยชน์อย่างไร)....ทำให้สร้างรายได้เพิ่มขึ้น', '2025-08-02 04:04:42', '2025-08-02 04:04:42'),
(6, 3, '1.2.3', 'กลุ่มเป้าหมาย จำนวน..........คน ความรู้ความสามารถที่เกิดจากศักยภาพ ด้าน.......................มา....(ใช้ประโยชน์อย่างไร)....ทำให้ต้นทุนลดลง', '2025-08-02 04:04:42', '2025-08-02 04:04:42'),
(7, 4, '1.3.1', 'กลุ่มเป้าหมาย จำนวน..........คน สามารถถ่ายทอดสมรรถนะ ด้าน.......................ให้กับ..................จำนวน..........คน (กลุ่ม/ชุมชน)', '2025-08-02 04:06:41', '2025-08-02 04:06:41'),
(8, 4, '1.3.2', 'กลุ่มเป้าหมาย จำนวน..........คน สามารถนำสมรรถนะ ด้าน.......................มา....(ใช้ประโยชน์อย่างไร)....ทำให้สร้างรายได้เพิ่มขึ้น', '2025-08-02 04:06:41', '2025-08-02 04:06:41'),
(9, 4, '1.3.3', 'กลุ่มเป้าหมาย จำนวน..........คน สามารถนำสรรถนะ ด้าน.......................มา....(ใช้ประโยชน์อย่างไร)....ทำให้ต้นทุนลดลง', '2025-08-02 04:06:41', '2025-08-02 04:06:41'),
(10, 5, '2.1', 'กลุ่มเป้าหมายมีกลุ่มอาชีพ....(อาชีพอะไร).......ทำให้มีรายได้เพิ่มขึ้น', '2025-08-02 04:14:45', '2025-08-02 04:14:45'),
(11, 6, '1.1', 'รายได้เพิ่มขึ้นจาการขายผลิตภัณฑ์ใหม่ที่มีการพัฒนาบรรจุภัณฑ์ใหม่/โลโก้แบรนด์ใหม่ ได้แก่..........................................', '2025-08-02 04:21:09', '2025-08-02 04:21:09'),
(12, 7, '2.1', 'รายได้เพิ่มขึ้นจาการขายผลิตภัณฑ์แปรรูป (รวมถึงมีการพัฒนาบรรจุภัณฑ์ โลโก้แบรนด์ และอื่นๆ ที่เป็นการเพิ่มมูลค่าผลิตภัณฑ์แปรรูป) ได้แก่...........................................  ', '2025-08-02 04:22:51', '2025-08-02 04:22:51'),
(13, 8, '3.1', 'รายได้เพิ่มขึ้นจากการขายผลิตภัณฑ์สร้างสรรค์ (รวมถึงมีการพัฒนาบรรจุภัณฑ์ โลโก้แบรนด์ และอื่นๆ ที่เป็นการเพิ่มมูลค่าผลิตภัณฑ์แปรรูป) ได้แก่...........................................   ', '2025-08-02 04:24:19', '2025-08-02 04:24:19'),
(14, 9, '1.1', 'รายได้เพิ่มขึ้นจากการขายผลิตภัณฑ์ใหม่ที่ได้รับมาตรฐาน ได้แก่...........................................  ', '2025-08-02 07:13:42', '2025-08-02 07:13:42'),
(15, 10, '2.1', 'รายได้เพิ่มขึ้นจากการขายผลิตภัณฑ์แปรรูปที่ได้รับมาตรฐาน ได้แก่...........................................   ', '2025-08-02 07:15:20', '2025-08-02 07:15:20'),
(16, 11, '3.1', 'รายได้เพิ่มขึ้นจากการขายผลิตภัณฑ์สร้างสรรค์ที่ได้ได้รับมาตรฐาน ได้แก่...........................................    ', '2025-08-02 07:16:24', '2025-08-02 07:16:24'),
(17, 12, '1.1', 'รายได้เพิ่มขึ้นจากการขายผลิตภัณฑ์ใหม่ผลิตภัณฑ์ใหม่ได้การจดทะเบียนทรัพย์สินทางปัญญา ประเภท ลิขสิทธิ์, สิทธิบัตร, อนุสิทธิบัตร) ได้แก่...........................................     ', '2025-08-02 07:22:34', '2025-08-02 07:22:34'),
(18, 13, '2.1', 'รายได้เพิ่มขึ้นจากการขายผลิตภัณฑ์แปรรูปผลิตภัณฑ์ใหม่ได้การจดทะเบียนทรัพย์สินทางปัญญา ประเภท ลิขสิทธิ์, สิทธิบัตร, อนุสิทธิบัตร) ได้แก่...........................................     ', '2025-08-02 07:23:32', '2025-08-02 07:23:32'),
(19, 14, '3.1', 'รายได้เพิ่มขึ้นจากการขายผลิตภัณฑ์ใหม่ผลิตภัณฑ์ใหม่ได้การจดทะเบียนทรัพย์สินทางปัญญา ประเภท ลิขสิทธิ์, สิทธิบัตร, อนุสิทธิบัตร) ได้แก่...........................................     ', '2025-08-02 07:25:02', '2025-08-02 07:25:02'),
(20, 15, '1.1', 'ผู้ประกอบการที่พัก (โฮมสเตย์) เป้าหมาย จำนวน.......ราย มีรายได้เพิ่มขึ้น จากการพัฒนา.....(อย่างไร)..........', '2025-08-02 07:32:34', '2025-08-02 07:32:34'),
(21, 16, '2.1', 'ผู้ประกอบการที่พัก (โฮมสเตย์) เป้าหมาย จำนวน.......ราย มีรายได้เพิ่มขึ้น จากการได้รับมาตรฐาน...................', '2025-08-02 07:33:42', '2025-08-02 07:33:42'),
(22, 17, '1.1', 'รายได้เพิ่มขึ้นจากกิจกรรมการท่องเที่ยว 1. มีกิจกรรมการท่องเที่ยวใหม่ (กิจกรรมการท่องเที่ยวที่ได้รับการพัฒนา) (ระบุรายการกิจกรรมการท่องเที่ยวมีอะไรบ้าง)', '2025-08-02 07:36:15', '2025-08-02 07:36:15'),
(23, 18, '1.1', 'รายได้เพิ่มขึ้นจากการนำเที่ยวเส้นทางนำเที่ยวใหม่ (เส้นทางการท่องเที่ยวที่ได้รับการพัฒนา) จำนวน...........เส้นทาง', '2025-08-02 07:37:46', '2025-08-02 07:37:46'),
(24, 19, '1.1', 'กลุ่มเป้าหมายจำนวน........คน สามารถใช้ประโยชน์จากหลักสูตรในการจัดอบรมพัฒนาทักษะและทำให้เกิดรายได้จากค่าตอบแทนในการจัดอบรมหลักสูตร', '2025-08-02 07:51:48', '2025-08-02 07:51:48'),
(25, 19, '1.2', 'ผู้ใช้ประโยชน์ จำนวน.......คน ได้นำความรู้และทักษะที่ได้รับจากหลักสูตรไป...........(ประกอบอาชีพ/พัฒนาอาชีพ/พัฒนากิจการ/มีความรู้หรือทักษะที่เพิ่มขึ้น) ทำให้มีรายได้เพิ่มขึ้น จาก........(อย่างไร)..........', '2025-08-02 07:51:48', '2025-08-02 07:51:48'),
(26, 19, '1.3', 'ผู้ใช้ประโยชน์ จำนวน.......คน ได้นำความรู้และทักษะที่ได้รับจากหลักสูตรไป...........(ประกอบอาชีพ/พัฒนาอาชีพ/พัฒนากิจการ/มีความรู้หรือทักษะที่เพิ่มขึ้น) ทำให้มีค่าใช้จ่ายหรือต้นทุนลดลงจาก........(อย่างไร)..........', '2025-08-02 07:51:48', '2025-08-02 07:51:48'),
(27, 20, '2.1', 'กลุ่มเป้าหมายจำนวน........คน สามารถใช้ประโยชน์จากหลักสูตรในการจัดอบรมพัฒนาทักษะและทำให้เกิดรายได้จากค่าตอบแทนในการจัดอบรมหลักสูตร', '2025-08-02 07:55:52', '2025-08-02 07:55:52'),
(28, 20, '2.2', 'ผู้ใช้ประโยชน์ จำนวน.......คน ได้นำความรู้และทักษะที่ได้รับจากหลักสูตรไป...........(ประกอบอาชีพ/พัฒนาอาชีพ/พัฒนากิจการ/มีความรู้หรือทักษะที่เพิ่มขึ้น) ทำให้มีรายได้เพิ่มขึ้น จาก........(อย่างไร)..........', '2025-08-02 07:55:52', '2025-08-02 07:55:52'),
(29, 20, '2.3', 'ผู้ใช้ประโยชน์ จำนวน.......คน ได้นำความรู้และทักษะที่ได้รับจากหลักสูตรไป...........(ประกอบอาชีพ/พัฒนาอาชีพ/พัฒนากิจการ/มีความรู้หรือทักษะที่เพิ่มขึ้น) ทำให้มีค่าใช้จ่ายหรือต้นทุนลดลงจาก........(อย่างไร)..........', '2025-08-02 07:55:52', '2025-08-02 07:55:52'),
(30, 21, '3.1', 'รายได้เพิ่มขึ้นจากการนำโปรแกรมสำเร็จรูป................ไปประโยชน์จากทำให้มีรายได้เพิ่มขึ้นจาก....... (อย่างไร........)', '2025-08-02 07:58:34', '2025-08-02 07:58:34'),
(31, 21, '3.2', 'ต้นทุนหรือค่าใช้จ่ายจากการนำโปรแกรมสำเร็จรูป................ไปใช้ประโยชน์จากทำให้ต้นทุนหรือค่าใช้จ่ายลดลง จาก..... (อย่างไร......)', '2025-08-02 07:58:34', '2025-08-02 07:58:34'),
(32, 21, '3.3', 'ประสิทธิภาพเพิ่มขึ้นจากการนำโปรแกรมสำเร็จรูป................ไปใช้ประโยชน์จากทำให้ต้นทุนหรือค่าใช้จ่ายลดลง จาก.. (อย่างไร.......)', '2025-08-02 07:58:34', '2025-08-02 07:58:34'),
(33, 22, '4.1', 'รายได้เพิ่มขึ้นจากการนำ Application................ไปประโยชน์จากทำให้มีรายได้เพิ่มขึ้นจาก....... (อย่างไร........)', '2025-08-02 08:06:22', '2025-08-02 08:06:22'),
(34, 22, '4.2', 'ต้นทุนหรือค่าใช้จ่ายจากการนำApplication................ไปใช้ประโยชน์จากทำให้ต้นทุนหรือค่าใช้จ่ายลดลง จาก..... (อย่างไร......)', '2025-08-02 08:06:22', '2025-08-02 08:06:22'),
(35, 22, '4.3', 'ประสิทธิภาพเพิ่มขึ้นจากการนำApplication................ไปใช้ประโยชน์จากทำให้ต้นทุนหรือค่าใช้จ่ายลดลง จาก.. (อย่างไร.......)', '2025-08-02 08:06:22', '2025-08-02 08:06:22'),
(36, 23, '1.1', 'กลุ่มเป้าหมาย จำนวน......คน(ราย) มียอดขายเพิ่มขึ้น(รายได้)เพิ่มขึ้นจากช่องการตลาดออฟไลน์', '2025-08-02 08:10:26', '2025-08-02 08:10:26'),
(37, 23, '1.2', 'กลุ่มเป้าหมาย จำนวน......คน(ราย) สามารถทำให้ต้นทุน/ค่าใช้จ่ายเกี่ยวกับ..เรื่องอะไร....ลดลงจากการมีช่องการตลาดออฟไลน์ใหม่', '2025-08-02 08:10:26', '2025-08-02 08:10:26'),
(39, 24, '2.1', 'กลุ่มเป้าหมาย จำนวน......คน(ราย) มียอดขายเพิ่มขึ้น(รายได้)เพิ่มขึ้นจากช่องการตลาดออนไลน์', '2025-08-02 08:12:22', '2025-08-02 08:12:22'),
(40, 25, '3.1', 'กลุ่มเป้าหมาย จำนวน......คน(ราย) มียอดขาย(รายได้)เพิ่มขึ้นการจัดงานแสดงผลิตภัณฑ์/ผลงาน', '2025-08-02 08:15:34', '2025-08-02 08:15:34'),
(41, 26, '4.1', 'กลุ่มเป้าหมาย จำนวน......คน(ราย) ยอดขาย(มีรายได้)เพิ่มขึ้นจากสื่อด้านการตลาด (สื่อออนไลน์.....สื่ออะไร.......)', '2025-08-02 08:17:10', '2025-08-02 08:17:10'),
(42, 27, '5.1', 'กลุ่มเป้าหมาย จำนวน......คน(ราย) ยอดขาย(มีรายได้)เพิ่มขึ้นจากสื่อด้านการตลาด (สื่อ ออฟไลน์).....สื่ออะไร.......', '2025-08-02 08:18:55', '2025-08-02 08:18:55'),
(43, 28, '1.1', 'กลุ่ม/ชุมชนเป้าหมายได้เผยแพร่ภูมิปัญญาเกี่ยวกับ.......ทำให้มียอดขายสินค้า/ผลิตภัณฑ์เพิ่มขึ้น', '2025-08-02 08:23:35', '2025-08-02 08:23:35'),
(44, 28, '1.2', 'มีจำนวนผู้เข้าเยี่ยมชมเพิ่มขึ้นกลุ่ม/ชุมชนได้เผยแพร่ภูมิปัญญาเกี่ยวกับ.......ทำให้กลุ่ม/ชุมชนมีรายได้เพิ่มขึ้น', '2025-08-02 08:23:35', '2025-08-02 08:23:35'),
(46, 29, '1.1', 'รายได้เพิ่มขึ้น จาก........อะไร............จากการจัดตั้งกลุ่มวิสาหกิจ', '2025-08-02 08:27:50', '2025-08-02 08:27:50'),
(47, 29, '1.2', 'ต้นทุนลดลง จาก........อะไร............ จากการจัดตั้งกลุ่มวิสาหกิจ', '2025-08-02 08:27:50', '2025-08-02 08:27:50'),
(49, 30, '1.1', 'เมื่อมี....(ระบบ อุปกรณ์ เครื่องจักร เครื่องใช้ เทคโนโลยี โรงเรือน สถานที่).....ทำให้มีผลผลิตเพิ่มขึ้น', '2025-08-02 08:46:17', '2025-08-02 08:46:17'),
(50, 30, '1.2', 'เมื่อมี....(ระบบ อุปกรณ์ เครื่องจักร เครื่องใช้ เทคโนโลยี โรงเรือน สถานที่).....ทำให้ลดต้นทุนเกี่ยวกับ....................', '2025-08-02 08:46:17', '2025-08-02 08:46:17'),
(51, 30, '1.3', 'เมื่อมี....(ระบบ อุปกรณ์ เครื่องจักร เครื่องใช้ เทคโนโลยี โรงเรือน สถานที่).....ทำให้มีรายได้เพิ่มขึ้น', '2025-08-02 08:46:17', '2025-08-02 08:46:17'),
(52, 30, '1.4', 'เมื่อมี....(ระบบ อุปกรณ์ เครื่องจักร เครื่องใช้ เทคโนโลยี โรงเรือน สถานที่).....ทำให้ประสิทธิภาพด้าน...........เพิ่มขึ้น (เช่น เวลาลดลง ใช้แรงงานลดลง ฯลฯ)', '2025-08-02 08:46:17', '2025-08-02 08:46:17'),
(56, 32, '1.1', 'กลุ่มเป้าหมาย จำนวน.........คน รายได้เพิ่มขึ้นจากการนำนวัตกรรมการใช้ประโยชน์ทำให้......(อะไรดีขึ้นอย่างไร).............', '2025-08-02 08:53:40', '2025-08-02 08:53:40'),
(57, 32, '1.2', 'กลุ่มเป้าหมาย จำนวน..........คน ต้นทุนลดลงจากการนำนวัตกรรมการใช้ประโยชน์ทำให้......(อะไรดีขึ้นอย่างไร).............', '2025-08-02 08:53:40', '2025-08-02 08:53:40'),
(58, 32, '1.3', 'มีประสิทธิภาพ...(เช่น ด้านผลผลิต เวลาทำงาน)...เพิ่มขึ้น จากการนำนวัตกรรมการใช้ประโยชน์ทำให้......(อะไรดีขึ้นอย่างไร).............', '2025-08-02 08:53:40', '2025-08-02 08:53:40'),
(59, 33, '2.1', 'นวัตกรรมมีชื่อเสียงและได้รับความน่าเชื่อถือทำให้มีรายได้เพิ่มขึ้นจาก....(ใช้ประโยชน์จากนวัตกรรมอย่างไร).....', '2025-08-02 08:55:14', '2025-08-02 08:55:14'),
(60, 34, '3.1', 'รายได้เพิ่มขึ้นจากการขอใช้สิทธิ์นวัตกรรม', '2025-08-02 08:56:11', '2025-08-02 08:56:11'),
(61, 35, '1.1', 'กลุ่มเป้าหมาย จำนวน..........คน มีรายได้เพิ่มขึ้นจาก...มีอะไรดีขึ้น......จากการมีเครือข่าย...ชื่อเครือข่าย......', '2025-08-02 08:59:24', '2025-08-02 08:59:24'),
(62, 35, '1.2', 'กลุ่มเป้าหมาย จำนวน..........คนมีต้นทุนลดลงนจาก...มีอะไรดีขึ้น......จากการมีเครือข่าย...ชื่อเครือข่าย......', '2025-08-02 08:59:24', '2025-08-02 08:59:24'),
(64, 36, '2.1', 'กลุ่มเป้าหมาย จำนวน..........คน มีรายได้เพิ่มขึ้นจาก...มีอะไรดีขึ้น......จากการมี MOU กับ...ชื่อหน่วยงานที่ทำ MOU......', '2025-08-02 09:01:21', '2025-08-02 09:01:21'),
(65, 36, '2.2', 'กลุ่มเป้าหมาย จำนวน..........คนมีต้นทุนลดลงนจาก...มีอะไรดีขึ้น......จากการมี MOU กับ...ชื่อหน่วยงานที่ทำ MOU......', '2025-08-02 09:01:21', '2025-08-02 09:01:21'),
(67, 37, '3.1', 'กลุ่มเป้าหมาย จำนวน..........คน มีรายได้เพิ่มขึ้นจาก...มีอะไรดีขึ้น......จากการจากการจับคู่ทางการค้า', '2025-08-02 09:02:31', '2025-08-02 09:02:31'),
(68, 37, '3.2', 'กลุ่มเป้าหมาย จำนวน..........คนมีต้นทุนลดลงนจาก...มีอะไรดีขึ้น......จากการจากการจับคู่ทางการค้า', '2025-08-02 09:02:31', '2025-08-02 09:02:31'),
(70, 31, '2.1', 'เมื่อมี....(ระบบ อุปกรณ์ เครื่องจักร เครื่องใช้ เทคโนโลยี โรงเรือน สถานที่).....ทำให้มีผลผลิตเพิ่มขึ้น', '2025-08-02 14:11:28', '2025-08-02 14:11:28'),
(71, 31, '2.2', 'เมื่อมี....(ระบบ อุปกรณ์ เครื่องจักร เครื่องใช้ เทคโนโลยี โรงเรือน สถานที่).....ทำให้ลดต้นทุนเกี่ยวกับ....................', '2025-08-02 14:11:28', '2025-08-02 14:11:28'),
(72, 31, '2.3', 'เมื่อมี....(ระบบ อุปกรณ์ เครื่องจักร เครื่องใช้ เทคโนโลยี โรงเรือน สถานที่).....ทำให้มีรายได้เพิ่มขึ้น', '2025-08-02 14:11:28', '2025-08-02 14:11:28'),
(73, 31, '2.4', 'เมื่อมี....(ระบบ อุปกรณ์ เครื่องจักร เครื่องใช้ เทคโนโลยี โรงเรือน สถานที่).....ทำให้ประสิทธิภาพด้าน...........เพิ่มขึ้น (เช่น เวลาลดลง ใช้แรงงานลดลง ฯลฯ)', '2025-08-02 14:11:28', '2025-08-02 14:11:28'),
(77, 38, '1.1', 'กลุ่มเป้าหมายมีความรู้/เข้าใจเกี่ยวกับความสุขเพิ่มขึ้น และนำมาปรับใช้ทำให้มีความสุขเพิ่มขึ้นจาก....(อะไรเปลี่ยนแปลงดีขึ้น เช่น มีพฤติกรรมบางอย่างด้านลบน้อยลง)......', '2025-08-02 14:32:36', '2025-08-02 14:32:36'),
(78, 39, '1.1', 'กลุ่มเป้าหมายมีความรู้/เข้าใจเกี่ยวกับการสร้างความรักความสามัคคีเพิ่มขึ้น และนำมาปรับใช้ทำให้มีความรักความสามัคคีจาก....(อะไรเปลี่ยนแปลงดีขึ้น เช่น มีพฤติกรรมบางอย่างด้านลบน้อยลง)......', '2025-08-02 14:34:25', '2025-08-02 14:34:25'),
(79, 40, '1.1', 'กลุ่มเป้าหมายมีคุณธรรมจริยธรรมมากขึ้นส่งผลทำให้มีพฤติกรรม..... (เปลี่ยนไปในทางที่ดีขึ้นอย่างไร).....', '2025-08-02 14:35:12', '2025-08-02 14:35:12'),
(80, 41, '1.1', 'กลุ่มเป้าหมายจำนวน......คน สุขภาพเกี่ยวกับ...(สุขภาพด้านใด).......ดีขึ้น ทำให้ค่าใช้จ่ายด้านการักษาสุขภาพลดลง', '2025-08-02 14:36:01', '2025-08-02 14:36:01'),
(81, 41, '1.1', 'กลุ่มเป้าหมายจำนวน......คน มีพฤติกรรมด้านสุขภาพดีขึ้น ทำให้ค่าใช้จ่ายด้านการักษาสุขภาพลดลง', '2025-08-02 14:42:02', '2025-08-02 14:42:02'),
(82, 41, '1.2', 'กลุ่มเป้าหมายจำนวน......คน มีพฤติกรรมด้านสุขภาพดีขึ้น ทำให้ค่าใช้จ่ายด้านการป้องกันสุขภาพลดลง', '2025-08-02 14:42:02', '2025-08-02 14:42:02'),
(84, 42, '1.1', 'กลุ่มเป้าหมายจำนวน......คน ได้รับการพัฒนาสภาพแวดล้อมดีขึ้น จาก....กิจกรรมอะไร เช่น การคัดแยกขยะ การมีอุปกรณ์นวัตกรรมในการเก็บขยะ กิจกรรมการผลิตที่ลดมลพิษ เช่น ควัน การลดการใช้ปุ๋ยเคมี....', '2025-08-02 14:45:56', '2025-08-02 14:45:56'),
(85, 43, '1.1', 'ครู/บุคลากรทางการศึกษา จำนวน.......คน มีความรู้/ทักษะเรื่อง.............................................เพิ่มขึ้นและสามารถทำให้เลื่อนตำแหน่ง/วิทยฐานะที่สูงขึ้น', '2025-08-23 08:22:15', '2025-08-23 08:22:15'),
(86, 43, '1.2', 'ครู/บุคลากรทางการศึกษา จำนวน.......คน มีความรู้/ทักษะเรื่อง..................... เพิ่มขึ้นและสามารถทำให้ถ่ายทอดได้', '2025-08-23 08:24:13', '2025-08-23 08:24:13'),
(87, 44, '2.1', 'ครูจำนวน......คน สามารถลดเวลาในเตรียมบทเรียนได้', '2025-08-23 08:25:34', '2025-08-23 08:25:34'),
(88, 44, '2.2', 'ครูจำนวน......คน มีเวลาว่างเพื่อไปทำประโยชน์อื่นๆ เพิ่มขึ้น', '2025-08-23 08:27:08', '2025-08-23 08:27:08'),
(89, 44, '2.3', 'ครูจำนวน.....คน สามารถนำไปประยุกต์ใช้ในการจัดการเรียนการสอนได้จริง ทำให้นักเรียนมีผลสัมฤทธิ์ทางการเรียนด้าน…......เพิ่มขึ้น', '2025-08-23 08:31:57', '2025-08-23 08:31:57'),
(90, 45, '3.1', 'ครูจำนวน......คน สามารถลดเวลาในเตรียมบทเรียนได้', '2025-08-23 08:34:01', '2025-08-23 08:34:01'),
(91, 45, '3.2', 'ครูจำนวน......คน มีเวลาว่างเพื่อไปทำประโยชน์อื่นๆ เพิ่มขึ้น', '2025-08-23 08:35:16', '2025-08-23 08:35:16'),
(92, 45, '3.3', 'ครูจำนวน.....คน สามารถนำไปประยุกต์ใช้ในการจัดการเรียนการสอนได้จริง ทำให้นักเรียนมีผลสัมฤทธิ์ทางการเรียนด้าน…......เพิ่มขึ้น', '2025-08-23 08:36:26', '2025-08-23 08:36:26'),
(93, 46, '4.1', 'ครูจำนวน......คน สามารถลดเวลาในเตรียมบทเรียนได้', '2025-08-23 08:38:25', '2025-08-23 08:38:25'),
(94, 46, '4.2', 'ครูจำนวน......คน มีเวลาว่างเพื่อไปทำประโยชน์อื่นๆ เพิ่มขึ้น', '2025-08-23 08:39:31', '2025-08-23 08:39:31'),
(95, 46, '4.3', 'ครูจำนวน.....คน สามารถนำไปประยุกต์ใช้ในการจัดการเรียนการสอนได้จริง ทำให้นักเรียนมีผลสัมฤทธิ์ทางการเรียนด้าน…......เพิ่มขึ้น', '2025-08-23 08:40:57', '2025-08-23 08:40:57'),
(96, 47, '5.1', 'ครูจำนวน......คน สามารถลดเวลาในเตรียมบทเรียนได้', '2025-08-23 12:10:38', '2025-08-23 12:10:38'),
(97, 47, '5.2', 'ครูจำนวน......คน มีเวลาว่างเพื่อไปทำประโยชน์อื่นๆ เพิ่มขึ้น', '2025-08-23 12:12:43', '2025-08-23 12:12:43'),
(98, 47, '5.3', 'ครูจำนวน.....คน สามารถนำไปประยุกต์ใช้ในการจัดการเรียนการสอนได้จริง ทำให้นักเรียนมีผลสัมฤทธิ์ทางการเรียนด้าน…......เพิ่มขึ้น', '2025-08-23 12:13:51', '2025-08-23 12:13:51'),
(99, 48, '6.1', 'ครูจำนวน......คน สามารถลดเวลาในเตรียมบทเรียนได้', '2025-08-23 12:16:32', '2025-08-23 12:16:32'),
(100, 48, '6.2', 'ครูจำนวน......คน มีเวลาว่างเพื่อไปทำประโยชน์อื่นๆ เพิ่มขึ้น', '2025-08-23 12:17:21', '2025-08-23 12:17:21'),
(101, 48, '6.3', 'ครูจำนวน.....คน สามารถนำไปประยุกต์ใช้ในการจัดการเรียนการสอนได้จริง ทำให้นักเรียนมีผลสัมฤทธิ์ทางการเรียนด้าน…......เพิ่มขึ้น', '2025-08-23 12:18:21', '2025-08-23 12:18:21'),
(102, 49, '7.1', 'โรงเรียนเครือข่ายจำนวน..............แห่ง สามารถลดต้นทุนในการใช้/จัดหาสื่อการเรียนการสอนจากการใช้นวัตกรรมชื่อ..................................', '2025-08-23 12:21:40', '2025-08-23 12:21:40'),
(103, 49, '7.2', 'โรงเรียนเครือข่ายจำนวน................แห่ง สามารถลดงบประมาณค่าใช้จ่ายในการอบรมพัฒนาความรู้/ทักษะเกี่ยวกับ.......เมื่อใช้นวัตกรรม..................', '2025-08-23 12:22:46', '2025-08-23 12:22:46'),
(104, 49, '7.3', 'ประสิทธิภาพการเรียนการสอนเพิ่มขึ้น(ปัญหาการสอนลดลง)', '2025-08-23 12:23:43', '2025-08-23 12:23:43'),
(105, 50, '8.1', 'ครูกลุ่มเป้าหมายจำนวน.........คน นำหลักสูตรไปใช้ประโยชน์ทำให้....ทักษะ/ความรู้ด้าน......ดีขึ้น/เพิ่มขึ้น', '2025-08-23 12:26:23', '2025-08-23 12:26:23'),
(106, 50, '8.2', 'นักเรียนกลุ่มเป้าหมายจำนวน.........คน นำหลักสูตรไปใช้ประโยชน์ทำให้....ทักษะ/ความรู้ด้าน......ดีขึ้น/เพิ่มขึ้น', '2025-08-23 12:27:19', '2025-08-23 12:27:19'),
(107, 50, '8.3', 'โรงเรียนกลุ่มเป้าหมายจำนวน.......แห่ง นำหลักสูตรไปใช้ประโยชน์ทำให้.......ทำให้สามารถลดต้นทุนได้', '2025-08-23 12:28:08', '2025-08-23 12:28:08'),
(108, 51, '9.1', 'นักศึกษาครูจำนวน...........คน ผ่านการสอบประมวลความรู้ และสามารถออกฝึกได้ตามเวลา', '2025-08-23 12:30:12', '2025-08-23 12:30:12'),
(109, 51, '9.2', 'นักศึกษาครูจำนวน.....คน มีคะแนนทดสอบความรู้ด้าน.........ผ่านเกณฑ์', '2025-08-23 12:31:21', '2025-08-23 12:31:21'),
(110, 51, '9.3', 'นักศึกษาครูมีคุณภาพและความพร้อมในการออกฝึกสอน (มีความมั่นใจในการออกฝึกเพิ่มขึ้น)', '2025-08-23 12:33:52', '2025-08-23 12:33:52'),
(111, 51, '9.4', 'โรงเรียน/ครูพี่เลี้ยงลดภาระในการฝึกสอนซ้ำ', '2025-08-23 12:36:47', '2025-08-23 12:36:47'),
(112, 52, '10.1', 'นักศึกษาครู จำนวน.... คน ลดค่าใช้จ่ายในการหาที่ฝึกสอนมีที่ฝึกสอนที่ตรงความต้องการและฝึกสอนได้ครบกำหนด', '2025-08-23 12:40:38', '2025-08-23 12:40:38'),
(113, 52, '10.2', 'โรงเรียน จำนวน.......แห่ง มีบุคลากรในช่วยสอนเพิ่มขึ้น สามารถลดค่าใช้จ่ายในการจ้างครู', '2025-08-23 12:42:32', '2025-08-23 12:42:32'),
(114, 53, '11.1', 'นักศึกษาครู จำนวน.... คน ลดค่าใช้จ่ายในการหาที่ฝึกสอนมีที่ฝึกสอนที่ตรงความต้องการและฝึกสอนได้ครบกำหนด', '2025-08-23 13:13:19', '2025-08-23 13:13:19'),
(115, 53, '11.2', 'โรงเรียน จำนวน.......แห่ง มีบุคลากรในช่วยสอนเพิ่มขึ้น สามารถลดค่าใช้จ่ายในการจ้างครู', '2025-08-23 13:14:49', '2025-08-23 13:14:49'),
(116, 54, '1', 'นักศึกษาจำนวน.....คน มีทักษะการทำงานที่ตรงกับความต้องการของตลาดมากขึ้น ทำให้ฝึกงานอย่างมีประสิทธิภาพมากขึ้น', '2025-08-23 16:23:50', '2025-08-23 16:23:50'),
(117, 54, '2', 'สถานประกอบการจำนวน.....ราย ลดเวลาในการสอนงาน', '2025-08-23 16:23:50', '2025-08-23 16:23:50'),
(118, 54, '3', 'สถานประกอบการจำนวน......ราย สามารถลดค่าใช้จ่าย/ต้นทุนในการสอนงาน', '2025-08-23 16:23:50', '2025-08-23 16:23:50'),
(119, 54, '4', 'นักศึกษาจำนวน......คน มีโอกาสได้งานทำหลังฝึกงานเพิ่มขึ้น (เปรียบเทียบกับฝึกงานแบบปกติ)', '2025-08-23 16:23:50', '2025-08-23 16:23:50'),
(120, 55, '1', 'ผลงานที่ได้รับรางวัลจำนวน......ผลงาน ทำให้นักศึกษาได้รับการจ้างงานฝึกงานเพิ่มขึ้น (เปรียบเทียบกับฝึกงานแบบปกติ)', '2025-08-23 16:27:39', '2025-08-23 16:27:39'),
(121, 55, '2', 'นักศึกษาจำนวน.....คน ได้รับรางวัล/ทุนสนับสนุน เพิ่มขึ้น', '2025-08-23 16:27:39', '2025-08-23 16:27:39'),
(122, 55, '3', 'สถานประกอบการจำนวน.....แห่ง ใช้ประโยชน์จากผลงานวิจัย/นวัตกรรมทำให้มีรายได้เพิ่มขึ้น อย่างไร???', '2025-08-23 16:27:39', '2025-08-23 16:27:39'),
(123, 55, '4', 'สถานประกอบการใช้ประโยชน์จากผลงานวิจัย/นวัตกรรม ทำให้มีค่าใช้จ่าย/ต้นทุนลดลง', '2025-08-23 16:27:39', '2025-08-23 16:27:39'),
(124, 56, '1', 'นักศึกษา/คณะ/มหาวิทยาลัยลดต้นทุนในการจัดหาสถานที่ฝึกงานแบบสหกิจศึกษา', '2025-08-23 16:29:33', '2025-08-23 16:29:33'),
(125, 57, '1', 'อาจารย์จำนวน......คน ที่ได้รับการพัฒนามีทักษะ/ประสิทธิภาพในการนิเทศและประเมินนักศึกษาที่มีมาตรฐานเพิ่มขึ้นขึ้น', '2025-08-23 16:30:52', '2025-08-23 16:30:52'),
(126, 58, '1', 'นักศึกษาจำนวน......คน สามารถสอบผ่านระดับที่สูงขึ้น', '2025-08-23 16:33:30', '2025-08-23 16:33:30'),
(127, 58, '2', 'นักศึกษาจำนวน......คน มีศักยภาพเพิ่มขึ้น', '2025-08-23 16:33:30', '2025-08-23 16:33:30'),
(128, 59, '1', 'นักศึกษามีทักษะ/ความรู้/ความสามารถด้าน..........เพิ่มขึ้นและปรับใช้ในการทำงานได้จริง', '2025-08-23 16:35:46', '2025-08-23 16:35:46'),
(129, 60, '1', 'มีผู้ประกอบการรุ่นใหม่ (Start up) เพิ่มขึ้น จำนวน......ราย', '2025-08-23 16:37:00', '2025-08-23 16:37:00'),
(130, 61, '1', 'นักศึกษาจำนวน........มีพฤติกรรมด้านสังคมที่ดีขึ้น (มีจิตสาธารณะ มีทักษะในการสื่อสาร สามารถริเริ่มโครงการ/กิจกรรรมเพื่อชุมชนได้ มีความรับผิดชอบ)', '2025-08-23 16:38:36', '2025-08-23 16:38:36'),
(131, 62, '1', 'โครงการต้นแบบ จำนวน.....โครงการ ทำให้ชุมชน จำนวน......ครัวเรือน ลดค่าใช้จ่าย หรือเพิ่มรายได้', '2025-08-23 16:40:02', '2025-08-23 16:40:02'),
(132, 63, '1', 'ชุมชน จำนวน.....ครัวเรือน มีศักยภาพพึ่งพาตนเองได้เพิ่มขึ้น', '2025-08-23 16:41:19', '2025-08-23 16:41:19'),
(133, 64, '1', '', '2025-08-23 16:45:01', '2025-08-23 16:45:01'),
(134, 65, '1', 'นักศึกษาจำนวน........มีพฤติกรรมด้านสังคมที่ดีขึ้น (มีจิตสาธารณะ มีทักษะในการสื่อสาร สามารถริเริ่มโครงการ/กิจกรรรมเพื่อชุมชนได้ มีความรับผิดชอบ)', '2025-08-23 16:46:21', '2025-08-23 16:46:21'),
(135, 66, '1', 'เกิดประสิทธิภาพในการปฏิบัติงาน (ลดความซ้ำซ้อน และความเสี่ยงในการปฏิบัติงาน)', '2025-08-23 16:48:22', '2025-08-23 16:48:22'),
(136, 67, '1', 'เกิดประสิทธิภาพในการปฏิบัติงาน (ลดความซ้ำซ้อน และความเสี่ยงในการปฏิบัติงาน)', '2025-08-23 16:49:31', '2025-08-23 16:49:31'),
(137, 68, '1', 'เกิดประสิทธิภาพในการปฏิบัติงาน (ลดความซ้ำซ้อน และความเสี่ยงในการปฏิบัติงาน)', '2025-08-23 16:50:28', '2025-08-23 16:50:28'),
(138, 69, '1', 'มหาวิทยาลัยมีชื่อเสียงและความน่าเชื่อถือเพิ่มขึ้น', '2025-08-23 16:52:07', '2025-08-23 16:52:07'),
(139, 69, '2', 'ได้รับงบสนับสนุนเพิ่มขึ้น (สิทธิขอทุนวิจัย งบประมาณในการพัฒนา)', '2025-08-23 16:52:07', '2025-08-23 16:52:07'),
(140, 70, '1', 'ประสิทธิภาพในการใช้ระบบการจัดการเรียนการสอน/สาธารณูปโภคเพิ่มขึ้น', '2025-08-23 16:53:36', '2025-08-23 16:53:36'),
(141, 71, '1', 'นักศึกษาเข้าถึงการเรียนรู้ได้ดีขึ้น ทำให้ข้อร้องเรียนลดลง', '2025-08-23 16:56:03', '2025-08-23 16:56:03'),
(142, 71, '2', 'ประสิทธิภาพการสอนของอาจารย์ดีขึ้น', '2025-08-23 16:56:03', '2025-08-23 16:56:03'),
(143, 71, '3', 'จำนวนนักศึกษาใหม่เพิ่มขึ้น', '2025-08-23 16:56:03', '2025-08-23 16:56:03'),
(144, 71, '4', 'ลดต้นทุนในการสิ้นเปลืองทรัพยากร (ค่าน้ำ ค่าไฟ ค่าบำรุงรักษา ค่าซ่อมแซม)', '2025-08-23 16:56:03', '2025-08-23 16:56:03'),
(145, 72, '1', 'บุคากรในมหาวิทยาลัยมีพฤติกรรมด้านสิ่งแวดล้อมดีขึ้น (ใช้ขวดน้ำส่วนตัว, ลดขยะ, เดิน/ปั่นจักรยาน)', '2025-08-23 16:58:36', '2025-08-23 16:58:36'),
(146, 72, '2', 'สุขภาพบุคลากรในมหาวิทยาลัยดีขึ้น (มลภาวะต่างๆ ลดลง)', '2025-08-23 16:58:36', '2025-08-23 16:58:36'),
(147, 72, '3', 'ลดต้นทุนการใช้พลังงาน/ทรัพยากร', '2025-08-23 16:58:36', '2025-08-23 16:58:36'),
(148, 73, '1', 'ได้รับเงินรางวัล', '2025-08-23 17:00:19', '2025-08-23 17:00:19'),
(149, 73, '2', 'ได้รับเงินสนับสนุนในการพัฒนาด้านความยั่งยืน/ด้านสิ่งแวดล้อมเพิ่มขึ้น', '2025-08-23 17:00:19', '2025-08-23 17:00:19'),
(150, 73, '3', 'มหาวิทยาลัยมีภาพลักษณ์ที่ดีขึ้น', '2025-08-23 17:00:19', '2025-08-23 17:00:19');

-- --------------------------------------------------------

--
-- Table structure for table `outputs`
--

CREATE TABLE `outputs` (
  `output_id` int(11) NOT NULL,
  `activity_id` int(11) NOT NULL,
  `output_sequence` varchar(10) DEFAULT NULL,
  `output_description` text NOT NULL,
  `target_details` text DEFAULT NULL
) ENGINE=InnoDB DEFAULT CHARSET=utf8mb4 COLLATE=utf8mb4_general_ci;

--
-- Dumping data for table `outputs`
--

INSERT INTO `outputs` (`output_id`, `activity_id`, `output_sequence`, `output_description`, `target_details`) VALUES
(1, 1, '1', 'กลุ่มเป้าหมาย จำนวน.........คน มีความรู้ ความเข้าใจ และทักษะ/ศักยภาพ/สมรรถนะ เกี่ยวกับ.....................', 'กลุ่มเป้าหมายที่ได้รับการพัฒนาความรู้ ความเข้าใจ และทักษะ ศักยภาพ สมรรถนะในด้านต่างๆ'),
(2, 1, '1.1', 'กลุ่มเป้าหมาย จำนวน.........คน มีความรู้ ความเข้าใจ และทักษะ เกี่ยวกับ.....................', 'กลุ่มเป้าหมายที่ได้รับการพัฒนาความรู้ ความเข้าใจ และทักษะเฉพาะด้าน'),
(3, 1, '1.2', 'กลุ่มเป้าหมาย จำนวน.........คน มีศักยภาพ ด้าน.....................', 'กลุ่มเป้าหมายที่ได้รับการพัฒนาศักยภาพเฉพาะด้าน'),
(4, 1, '1.3', 'กลุ่มเป้าหมาย จำนวน.........คน มีสมรรถนะ ด้าน.....................', 'กลุ่มเป้าหมายที่ได้รับการพัฒนาสมรรถนะเฉพาะด้าน'),
(5, 1, '2', 'กลุ่มเป้าหมายมีทักษะอาชีพและเกิดกลุ่มอาชีพ/อาชีพเสริมจำนวน……....กลุ่ม คือ............', 'กลุ่มเป้าหมายที่มีทักษะอาชีพและสามารถรวมตัวเป็นกลุ่มอาชีพหรืออาชีพเสริม'),
(6, 3, '1', 'ผลิตภัณฑ์ใหม่ จำนวน...................ผลิตภัณฑ์ ได้แก่.......................', 'ผลิตภัณฑ์ใหม่ที่มีการพัฒนาบรรจุภัณฑ์และโลโก้แบรนด์'),
(7, 3, '2', 'ผลิตภัณฑ์แปรรูปจาก............... จำนวน...................ผลิตภัณฑ์ ได้แก่.......................', 'ผลิตภัณฑ์แปรรูปที่มีการพัฒนาบรรจุภัณฑ์และโลโก้แบรนด์'),
(8, 3, '3', 'ผลิตภัณฑ์สร้างสรรค์ จำนวน...................ผลิตภัณฑ์ ได้แก่.......................', 'ผลิตภัณฑ์สร้างสรรค์ที่มีการพัฒนาบรรจุภัณฑ์และโลโก้แบรนด์'),
(9, 4, '1', 'ผลิตภัณฑ์ใหม่ได้มาตรฐาน...........จำนวน.......ผลิตภัณฑ์ (อย. , green product, มผช. ฯลฯ)', 'ผลิตภัณฑ์ใหม่ที่ได้รับการรับรองมาตรฐานต่างๆ เช่น อย. green product มผช. เป็นต้น'),
(10, 4, '2', 'ผลิตภัณฑ์แปรรูปได้มาตรฐาน...........จำนวน.......ผลิตภัณฑ์ (อย. , green product, มผช. ฯลฯ)', 'ผลิตภัณฑ์แปรรูปที่ได้รับการรับรองมาตรฐานต่างๆ เช่น อย. green product มผช. เป็นต้น'),
(11, 4, '3', 'ผลิตภัณฑ์สร้างสรรค์ได้มาตรฐาน...........จำนวน.......ผลิตภัณฑ์ (อย. , green product, มผช. ฯลฯ)', 'ผลิตภัณฑ์สร้างสรรค์ที่ได้รับการรับรองมาตรฐานต่างๆ เช่น อย. green product มผช. เป็นต้น'),
(12, 5, '1', 'ผลิตภัณฑ์ใหม่ได้รับการจดทะเบียนทรัพย์สินทางปัญญา ประเภท (ลิขสิทธิ์, สิทธิบัตร, อนุสิทธิบัตร) จำนวน........ผลิตภัณฑ์', 'ผลิตภัณฑ์ใหม่ที่ได้รับการจดทะเบียนทรัพย์สินทางปัญญาในรูปแบบต่างๆ'),
(13, 5, '2', 'ผลิตภัณฑ์แปรรูปได้รับการจดทะเบียนทรัพย์สินทางปัญญา ประเภท (ลิขสิทธิ์, สิทธิบัตร, อนุสิทธิบัตร) จำนวน........ผลิตภัณฑ์', 'ผลิตภัณฑ์แปรรูปที่ได้รับการจดทะเบียนทรัพย์สินทางปัญญาในรูปแบบต่างๆ'),
(14, 5, '3', 'ผลิตภัณฑ์สร้างสรรค์ได้รับการจดทะเบียนทรัพย์สินทางปัญญา ประเภท (ลิขสิทธิ์, สิทธิบัตร, อนุสิทธิบัตร) จำนวน........ผลิตภัณฑ์', 'ผลิตภัณฑ์สร้างสรรค์ที่ได้รับการจดทะเบียนทรัพย์สินทางปัญญาในรูปแบบต่างๆ'),
(15, 7, '1', 'ที่พัก จำนวน.......แห่ง ได้รับการพัฒนา......(อย่างไร)..........', 'ที่พักโฮมสเตย์ที่ได้รับการพัฒนาและปรับปรุงในด้านต่างๆ'),
(16, 7, '2', 'ที่พัก จำนวน.......แห่ง ได้รับมาตรฐาน...................', 'ที่พักโฮมสเตย์ที่ได้รับการรับรองมาตรฐานต่างๆ'),
(17, 8, '1', 'มีกิจกรรมการท่องเที่ยวใหม่ (กิจกรรมการท่องเที่ยวที่ได้รับการพัฒนา) จำนวน...........กิจกรรม', 'กิจกรรมการท่องเที่ยวใหม่ที่ได้รับการพัฒนาและออกแบบให้น่าสนใจ'),
(18, 9, '1', 'มีเส้นทางการท่องเที่ยวใหม่ (เส้นทางการท่องเที่ยวที่ได้รับการพัฒนา) จำนวน...........เส้นทาง', 'เส้นทางการท่องเที่ยวและแผนที่ท่องเที่ยวใหม่ที่ได้รับการพัฒนาและออกแบบ'),
(19, 10, '1', 'หลักสูตรใหม่ จำนวน............หลักสูตร ได้แก่...................', 'หลักสูตรใหม่ที่จัดทำขึ้นเพื่อตอบสนองความต้องการในด้านต่างๆ'),
(20, 10, '2', 'หลักสูตรได้รับการพัฒนา จำนวน............หลักสูตร ได้แก่...................', 'หลักสูตรเดิมที่ได้รับการปรับปรุงและพัฒนาให้ดีขึ้น'),
(21, 10, '3', 'โปรแกรมสำเร็จรูป จำนวน......โปรแกรม ได้แก่...........................', 'โปรแกรมสำเร็จรูปที่พร้อมใช้งานในรูปแบบต่างๆ'),
(22, 10, '4', 'Application จำนวน......แอพลิเคชั่น ได้แก่............................', 'แอพลิเคชั่นหรือซอฟต์แวร์ประยุกต์ที่พัฒนาขึ้น'),
(23, 11, '1', 'ช่องทางการตลาดออฟไลน์ใหม่ จำนวน.........ช่องทาง ได้แก่................................', 'ช่องทางการตลาดและจัดจำหน่ายในรูปแบบออฟไลน์ที่พัฒนาขึ้นใหม่'),
(24, 11, '2', 'ช่องทางการตลาดออนไลน์ใหม่ จำนวน.........ช่องทาง ได้แก่................................', 'ช่องทางการตลาดและจัดจำหน่ายในรูปแบบออนไลน์ที่พัฒนาขึ้นใหม่'),
(25, 11, '3', 'การจัดงานแสดงผลิตภัณฑ์/ผลงาน จำนวน........ครั้ง', 'งานแสดงสินค้าและผลงานเพื่อการตลาดและประชาสัมพันธ์'),
(26, 11, '4', 'สื่อด้านการตลาดออนไลน์ จำนวน.......สื่อ ได้แก่.............(VTR ช่องทาง Social ต่างๆ )....', 'สื่อการตลาดในรูปแบบออนไลน์ เช่น วีดีโอ โซเชียลมีเดีย และช่องทางดิจิทัลต่างๆ'),
(27, 11, '5', 'สื่อด้านการตลาด (สื่อออนไลน์/ออฟไลน์) จำนวน.......สื่อ ได้แก่.............(คลิป แผ่นป้าย โบวชัวร์ โฆษณา ประชาสัมพันธ์)....', 'สื่อการตลาดรูปแบบผสมผสานระหว่างออนไลน์และออฟไลน์ เช่น คลิปวีดีโอ สื่อสิ่งพิมพ์ และสื่อโฆษณาต่างๆ'),
(28, 12, '1', 'พัฒนาแหล่งเรียนรู้หรือสร้างศูนย์เรียนรู้ จำนวน......แห่ง ได้แก่.............', 'แหล่งเรียนรู้และศูนย์เรียนรู้ที่ได้รับการพัฒนาหรือสร้างขึ้นใหม่เพื่อการเรียนรู้และถ่ายทอดความรู้'),
(29, 13, '1', 'เกิดกลุ่มวิสาหกิจชุมชนจำนวน….....กลุ่ม ได้แก่...........', 'กลุ่มวิสาหกิจชุมชนที่เกิดขึ้นใหม่และสามารถดำเนินการได้อย่างยั่งยืน'),
(30, 14, '1', 'มี....(ระบบ อุปกรณ์ เครื่องจักร เครื่องใช้ เทคโนโลยี โรงเรือน สถานที่).....สำหรับ......กิจกรรมอะไร.... จำนวน.......ระบบ/เครื่อง/แห่ง', 'ระบบ อุปกรณ์ เครื่องจักร เครื่องใช้ เทคโนโลยี โรงเรือน หรือสถานที่ใหม่ที่สร้างขึ้นเพื่อสนับสนุนกระบวนการผลิต'),
(31, 14, '2', '(ระบบ อุปกรณ์ เครื่องจักร เครื่องใช้ เทคโนโลยี โรงเรือน สถานที่)..... สำหรับ.....กิจกรรมอะไร.... จำนวน.......ระบบ/เครื่อง/แห่ง ได้รับการพัฒนา', 'ระบบ อุปกรณ์ เครื่องจักร เครื่องใช้ เทคโนโลยี โรงเรือน หรือสถานที่เดิมที่ได้รับการพัฒนาและปรับปรุงให้ดีขึ้น'),
(32, 15, '1', 'นวัตกรรมใหม่หรือพัฒนากรรมที่พัฒนา จำนวน.......นวัตกรรม ได้แก่.................', 'นวัตกรรมใหม่และนวัตกรรมที่ได้รับการพัฒนาปรับปรุง'),
(33, 15, '2', 'นวัตกรรมใหม่หรือนวัตกรรมที่พัฒนา จำนวน.....นวัตกรรม ได้รับรางวัล............', 'นวัตกรรมที่ได้รับการยอมรับและได้รับรางวัลต่างๆ'),
(34, 15, '3', 'นวัตกรรมใหม่หรือพัฒนากรรมที่พัฒนา จำนวน.......นวัตกรรม ได้รับการจดทรัพย์สินทางปัญญาประเภท.......... (สิทธิบัตร อนุสิทธิบัตร ลิขสิทธิ์).......', 'นวัตกรรมที่ได้รับการจดทะเบียนทรัพย์สินทางปัญญา'),
(35, 16, '1', 'มีเครือข่าย...... ( เช่น เครือข่ายกลุ่มอาชีพ สถานประกอบการ โรงเรียน).....จำนวน........เครือข่าย', 'เครือข่ายความร่วมมือในด้านต่างๆ เช่น กลุ่มอาชีพ สถานประกอบการ และสถาบันการศึกษา'),
(36, 16, '2', 'มี MOU กับหน่วยงานในด้านต่างๆ  จำนวน........MOU', 'บันทึกข้อตกลงความร่วมมือกับหน่วยงานต่างๆ'),
(37, 16, '3', 'มีคู่ค้าจากการจับคู่ทางการค้า จำนวน.......คู่ ได้แก่....................', 'คู่ค้าที่เกิดจากการจับคู่และสร้างความร่วมมือทางการค้า'),
(38, 18, '1', 'กลุ่มเป้าหมายจำนวน......คน มีความรู้/เข้าใจเกี่ยวกับความสุข', 'กลุ่มเป้าหมายที่ได้รับการอบรมและมีความรู้ความเข้าใจเกี่ยวกับความสุข'),
(39, 19, '1', 'กลุ่มเป้าหมายจำนวน......คน มีความรู้/เข้าใจเกี่ยวกับการสร้างความรักความสามัคคีในชุมชน', 'กลุ่มเป้าหมายที่ได้รับการอบรมเกี่ยวกับการสร้างความรักความสามัคคีในชุมชน'),
(40, 20, '1', 'กลุ่มเป้าหมายจำนวน......คน ได้รับการพัฒนาคุณธรรมจริยธรรม', 'กลุ่มเป้าหมายที่ได้รับการพัฒนาและเสริมสร้างคุณธรรมจริยธรรม'),
(41, 21, '1', 'กลุ่มเป้าหมายจำนวน......คน ได้รับการพัฒนาสุขภาพเกี่ยวกับ..(สุขภาพด้านใด)...', 'กลุ่มเป้าหมายที่ได้รับการพัฒนาสุขภาพในด้านต่างๆ'),
(42, 22, '1', 'กลุ่มเป้าหมายจำนวน......คน ได้รับการพัฒนาด้านสิ่งแวดล้อมเกี่ยวกับ..(เรื่องอะไร)...', 'กลุ่มเป้าหมายที่ได้รับการพัฒนาและสร้างจิตสำนึกด้านสิ่งแวดล้อม'),
(43, 23, '1', 'ครู/บุคลากรทางการศึกษาที่ได้รับการอบรมเรื่อง................ จำนวน............คน', 'ครู/บุคลากรทางการศึกษาที่ได้รับการอบรมและพัฒนาศักยภาพในด้านต่างๆ'),
(44, 24, '1', 'นวัตกรรมชุดการจัดการเรียนการสอนจำนวน.........ชุด', 'นวัตกรรมชุดการจัดการเรียนการสอนที่ได้รับการพัฒนาขึ้นเพื่อเสริมสร้างการเรียนรู้ของนักเรียน'),
(45, 24, '2', 'นวัตกรรมการจัดการเรียนรู้เพื่อพัฒนานักเรียนจำนวน...........ชุด', 'นวัตกรรมการจัดการเรียนรู้ที่ได้รับการพัฒนาขึ้นเพื่อส่งเสริมและพัฒนาศักยภาพของนักเรียน'),
(46, 24, '3', 'กิจกรรมการเรียนการสอน จำนวน......ชุด', 'กิจกรรมการเรียนการสอนที่ได้รับการออกแบบและพัฒนาขึ้นเพื่อส่งเสริมการเรียนรู้ของนักเรียน'),
(47, 24, '4', 'คู่มือเกี่ยวกับ...........จำนวน......ชุด', 'คู่มือที่ได้รับการจัดทำขึ้นเพื่อสนับสนุนการเรียนการสอนและการพัฒนาผู้เรียน'),
(48, 24, '5', 'สื่อนวัตกรรม............จำนวน.......ชุด', 'สื่อนวัตกรรมที่ได้รับการพัฒนาขึ้นเพื่อสนับสนุนการเรียนการสอนและการถ่ายทอดความรู้'),
(49, 24, '6', 'ขยายผลเครือข่ายโรงเรียนเพื่อใช้นวัตกรรมจำนวน...................โรงเรียน', 'เครือข่ายโรงเรียนที่ได้รับการขยายผลเพื่อนำนวัตกรรมการเรียนการสอนไปใช้ในการจัดการเรียนรู้'),
(50, 27, '1', 'มีหลักสูตรใหม่/ได้รับการพัฒนา จำนวน........หลักสูตร ได้แก่.................................', 'หลักสูตรใหม่และหลักสูตรที่ได้รับการพัฒนาปรับปรุงให้มีคุณภาพมาตรฐานเพื่อการเรียนรู้แบบบูรณาการ'),
(51, 30, '1', 'นักศึกษาครูจำนวน........คน ได้รับการอบรม/พัฒนา/ เตรียมความพร้อม/ปฐมนิเทศ/ทดสอบความรู้ ด้าน.........................', 'นักศึกษาครูที่ได้รับการพัฒนาศักยภาพและเตรียมความพร้อมให้กับนักศึกษาครูก่อนออกไปปฏิบัติการสอนจริง'),
(52, 32, '1', 'มีโรงเรียนเครือข่าย จำนวน........เครือข่าย', 'โรงเรียนเครือข่ายที่ได้รับการสร้างและพัฒนาขึ้นเพื่อความร่วมมือในด้านการผลิตและพัฒนาครู ทั้งในระดับท้องถิ่น ระดับชาติ และระดับนานาชาติ'),
(53, 32, '2', 'มี MOU กับโรงเรียนต่างๆ จำนวน........MOU', 'บันทึกข้อตกลงความร่วมมือกับโรงเรียนต่างๆ เพื่อสร้างเครือข่ายและความร่วมมือทางการศึกษา'),
(54, 34, '1', 'นักศึกษาเข้าร่วมโครงการสหกิจศึกษาจำนวน...........คน ได้รับการอบรมเชิงปฏิบัติการเตรียมความพร้อมการฝึกงานแบบบูรณาการกับการทำงาน', NULL),
(55, 35, '1', 'มีจำนวนผลงานวิจัย/นวัตกรรมที่ส่งเข้าประกวด จำนวน.........ผลงาน', NULL),
(56, 36, '1', 'มี MOU กับหน่วยงานภาครัฐและเอกชนในการพัฒนานักศึกษาแบบสหกิจศึกษาจำนวน.................แห่ง ได้แก่.........', NULL),
(57, 37, '1', 'อาจารย์จำนวน......คน ได้รับการพัฒนาศักยภาพอาจารย์ที่ติดตามนิเทศให้เป็นไปตามเกณฑ์มาตรฐานของ สกอ.', NULL),
(58, 38, '1', 'นักศึกษาจำนวน.....คน ได้รับการอบรมเพื่อพัฒนาทักษะด้านภาษาอังกฤษ', NULL),
(59, 40, '1', 'นักศึกษาจำนวน.....คน ได้รับการอบรมทักษะการเป็นผู้ประกอบการุ่นใหม่', NULL),
(60, 41, '1', 'นักศึกษาจำนวน.....คน ได้รับการบ่มเพาะเพื่อเป็นผู้ประกอบการรุ่นใหม่', NULL),
(61, 42, '1', 'นักศึกษาจำนวน........ผ่านการอบรมวิศวกรสังคม', NULL),
(62, 42, '2', 'โครงการต้นแบบ จำนวน....โครงการ ได้แก่............', NULL),
(63, 42, '3', 'ชุมชนเข้าร่วมโครงการจำนวน......ชุมชน(คน)', NULL),
(64, 42, '4', 'มหกรรม(งาน) จัดแสดงผลงาน จำนวน.....ครั้ง', NULL),
(65, 42, '5', 'นักศึกษาจำนวน......คน สามารถทำงานร่วมกับชุมชนได้', NULL),
(66, 43, '1', 'บุคลากรมีความเข้าใจและมีความพร้อมในการปฏิบัติงานต่างๆ ตามหน้าที่ที่ได้รับมอบหมาย หรือตามลักษณะของงานแต่ละตำแหน่งงาน', NULL),
(67, 43, '2', 'แผนปฏิบัติงานในระดับต่างๆ', NULL),
(68, 43, '3', 'คู่มือการปฏิบัติงานและการใช้งบประมาณ', NULL),
(69, 44, '1', 'ผลคะแนนประเมินประกันคุณภาพผ่านเกณฑ์', NULL),
(70, 44, '2', 'อุปกรณ์ระบบการเรียนการสอนจำนวน.....ชุด ได้รับการพัฒนา ได้แก่.......', NULL),
(71, 44, '3', 'โครงสร้างพื้นฐานได้รับการพัฒนา ได้แก่.......................', NULL),
(72, 45, '1', 'มหาวิทยาลัยได้รับการพัฒนาตามกรอบ \"มหาวิทยาลัยสีเขียว\"', NULL),
(73, 45, '2', 'มหาวิทยาลัยได้รับการจัดอันดับด้านความยั่งยืนที่สูงขึ้น', NULL);

-- --------------------------------------------------------

--
-- Table structure for table `present_value_factors`
--

CREATE TABLE `present_value_factors` (
  `pvf_id` int(11) NOT NULL,
  `pvf_name` varchar(100) NOT NULL COMMENT 'ชื่อชุดข้อมูล PVF',
  `discount_rate` decimal(5,2) NOT NULL COMMENT 'อัตราคิดลดร้อยละ',
  `year_id` int(11) NOT NULL COMMENT 'ID ของปี (FK จาก years table)',
  `time_period` int(11) NOT NULL COMMENT 'ช่วงเวลา t (0,1,2,3,4,5)',
  `pvf_value` decimal(10,6) NOT NULL COMMENT 'ค่า Present Value Factor',
  `created_by` int(11) DEFAULT NULL COMMENT 'ผู้สร้างข้อมูล (FK จาก users)',
  `created_at` timestamp NOT NULL DEFAULT current_timestamp(),
  `updated_at` timestamp NOT NULL DEFAULT current_timestamp() ON UPDATE current_timestamp(),
  `is_active` tinyint(1) DEFAULT 1 COMMENT 'สถานะการใช้งาน'
) ENGINE=InnoDB DEFAULT CHARSET=utf8mb4 COLLATE=utf8mb4_unicode_ci COMMENT='ตารางเก็บข้อมูล Present Value Factor';

--
-- Dumping data for table `present_value_factors`
--

INSERT INTO `present_value_factors` (`pvf_id`, `pvf_name`, `discount_rate`, `year_id`, `time_period`, `pvf_value`, `created_by`, `created_at`, `updated_at`, `is_active`) VALUES
(35, 'current', 2.50, 1, 0, 1.000000, NULL, '2025-08-13 16:25:38', '2025-08-13 16:25:38', 1),
(36, 'current', 2.50, 2, 1, 0.980000, NULL, '2025-08-13 16:25:38', '2025-08-13 16:25:38', 1),
(37, 'current', 2.50, 3, 2, 0.950000, NULL, '2025-08-13 16:25:38', '2025-08-13 16:25:38', 1),
(38, 'current', 2.50, 4, 3, 0.930000, NULL, '2025-08-13 16:25:38', '2025-08-13 16:25:38', 1);

-- --------------------------------------------------------

--
-- Table structure for table `projects`
--

CREATE TABLE `projects` (
  `id` int(11) NOT NULL,
  `project_code` varchar(50) NOT NULL COMMENT 'รหัสโครงการ',
  `name` varchar(500) NOT NULL COMMENT 'ชื่อโครงการ',
  `description` text DEFAULT NULL COMMENT 'รายละเอียดโครงการ',
  `objective` text DEFAULT NULL COMMENT 'วัตถุประสงค์โครงการ',
  `start_date` date DEFAULT NULL COMMENT 'วันที่เริ่มโครงการ',
  `end_date` date DEFAULT NULL COMMENT 'วันที่สิ้นสุดโครงการ',
  `budget` decimal(15,2) DEFAULT NULL COMMENT 'งบประมาณ',
  `organization` varchar(300) DEFAULT NULL COMMENT 'หน่วยงาน/องค์กร',
  `project_manager` varchar(200) DEFAULT NULL COMMENT 'ผู้จัดการโครงการ',
  `status` enum('incompleted','completed') DEFAULT 'incompleted' COMMENT 'สถานะโครงการ',
  `created_by` varchar(100) DEFAULT NULL COMMENT 'ผู้สร้าง',
  `created_at` timestamp NOT NULL DEFAULT current_timestamp(),
  `updated_at` timestamp NOT NULL DEFAULT current_timestamp() ON UPDATE current_timestamp(),
  `impact_chain_status` longtext CHARACTER SET utf8mb4 COLLATE utf8mb4_bin DEFAULT NULL CHECK (json_valid(`impact_chain_status`)),
  `total_impact_chains` int(11) DEFAULT 0 COMMENT 'จำนวน Impact Chain ทั้งหมด',
  `current_chain_id` int(11) DEFAULT NULL COMMENT 'Impact Chain ที่กำลังทำอยู่'
) ENGINE=InnoDB DEFAULT CHARSET=utf8mb4 COLLATE=utf8mb4_unicode_ci COMMENT='ตารางเก็บข้อมูลโครงการ';

--
-- Dumping data for table `projects`
--

INSERT INTO `projects` (`id`, `project_code`, `name`, `description`, `objective`, `start_date`, `end_date`, `budget`, `organization`, `project_manager`, `status`, `created_by`, `created_at`, `updated_at`, `impact_chain_status`, `total_impact_chains`, `current_chain_id`) VALUES
(1, '681234567', 'การพัฒนานวัตกรการศึกษาด้วย Mobile Application: เสริมสร้างทักษะการสร้างแอปพลิเคชันการเรียนรู้ด้วย React Native', NULL, NULL, NULL, NULL, 70000.00, 'คณะครุศาสตร์', 'มัลลิกา พุดแดง', 'incompleted', '6', '2025-08-16 12:22:45', '2025-08-21 02:10:44', NULL, 0, NULL),
(2, '681234568', 'พัฒนาศูนย์เรียนรู้ผู้สูงอายุ', NULL, NULL, NULL, NULL, 70000.00, 'คณะวิทยาศาสตร์และเทคโนโลยี', 'สังสรรค์ หล้าพันธ์', 'incompleted', '3', '2025-08-20 04:26:07', '2025-08-25 10:28:50', '{\"step1_completed\":true,\"step2_completed\":true,\"step3_completed\":true,\"step4_completed\":true,\"current_step\":4,\"last_updated\":\"2025-08-25 12:28:50\"}', 2, 41),
(3, '681234569', 'การพัฒนานวัตกรสำหรับนักศึกษาสาขาวิชาวิศวกรรมไฟฟ้า', NULL, NULL, NULL, NULL, 70000.00, 'คณะเทคโนโลยีอุตสาหกรรม', 'นายสุกัญ เจริญสิน', 'incompleted', '7', '2025-08-24 03:34:22', '2025-08-24 10:43:51', NULL, 0, NULL);

--
-- Triggers `projects`
--
DELIMITER $$
CREATE TRIGGER `audit_projects_insert` AFTER INSERT ON `projects` FOR EACH ROW BEGIN
    INSERT INTO audit_logs (table_name, record_id, action, new_values, user_id, timestamp)
    VALUES ('projects', NEW.id, 'INSERT', JSON_OBJECT(
        'project_code', NEW.project_code,
        'name', NEW.name,
        'status', NEW.status,
        'budget', NEW.budget,
        'created_by', NEW.created_by
    ), (SELECT id FROM users WHERE username = NEW.created_by LIMIT 1), NOW());
END
$$
DELIMITER ;
DELIMITER $$
CREATE TRIGGER `audit_projects_update` AFTER UPDATE ON `projects` FOR EACH ROW BEGIN
    IF OLD.name != NEW.name OR OLD.status != NEW.status OR OLD.budget != NEW.budget THEN
        INSERT INTO audit_logs (table_name, record_id, action, old_values, new_values, user_id, timestamp)
        VALUES ('projects', NEW.id, 'UPDATE', 
            JSON_OBJECT('name', OLD.name, 'status', OLD.status, 'budget', OLD.budget),
            JSON_OBJECT('name', NEW.name, 'status', NEW.status, 'budget', NEW.budget),
            (SELECT id FROM users WHERE username = USER() LIMIT 1), NOW());
    END IF;
END
$$
DELIMITER ;

-- --------------------------------------------------------

--
-- Table structure for table `project_activities`
--

CREATE TABLE `project_activities` (
  `id` int(11) NOT NULL,
  `project_id` int(11) NOT NULL COMMENT 'รหัสโครงการ',
  `activity_id` int(11) NOT NULL COMMENT 'รหัสกิจกรรม',
  `created_by` varchar(100) DEFAULT NULL COMMENT 'ผู้สร้าง',
  `created_at` timestamp NOT NULL DEFAULT current_timestamp(),
  `updated_at` timestamp NOT NULL DEFAULT current_timestamp() ON UPDATE current_timestamp()
) ENGINE=InnoDB DEFAULT CHARSET=utf8mb4 COLLATE=utf8mb4_unicode_ci COMMENT='ตารางเก็บการเลือกกิจกรรมของโครงการ';

--
-- Triggers `project_activities`
--
DELIMITER $$
CREATE TRIGGER `audit_project_activities_insert` AFTER INSERT ON `project_activities` FOR EACH ROW BEGIN
    INSERT INTO audit_logs (table_name, record_id, action, new_values, user_id, timestamp)
    VALUES ('project_activities', NEW.id, 'INSERT', JSON_OBJECT(
        'project_id', NEW.project_id,
        'activity_id', NEW.activity_id,
        'created_by', NEW.created_by
    ), NULL, NOW());
END
$$
DELIMITER ;

-- --------------------------------------------------------

--
-- Table structure for table `project_costs`
--

CREATE TABLE `project_costs` (
  `id` int(11) NOT NULL,
  `project_id` int(11) NOT NULL,
  `cost_name` varchar(500) NOT NULL COMMENT 'ชื่อรายการต้นทุน/งบประมาณ',
  `yearly_amounts` longtext CHARACTER SET utf8mb4 COLLATE utf8mb4_bin NOT NULL COMMENT 'จำนวนเงินแยกตามปี พ.ศ. ในรูปแบบ JSON' CHECK (json_valid(`yearly_amounts`)),
  `created_at` timestamp NOT NULL DEFAULT current_timestamp(),
  `updated_at` timestamp NOT NULL DEFAULT current_timestamp() ON UPDATE current_timestamp(),
  `created_by` int(11) NOT NULL
) ENGINE=InnoDB DEFAULT CHARSET=utf8mb4 COLLATE=utf8mb4_unicode_ci COMMENT='ตารางเก็บข้อมูลต้นทุน/งบประมาณโครงการ';

-- --------------------------------------------------------

--
-- Table structure for table `project_impact_ratios`
--

CREATE TABLE `project_impact_ratios` (
  `id` int(11) NOT NULL,
  `project_id` int(11) NOT NULL,
  `benefit_number` int(11) NOT NULL,
  `attribution` decimal(5,2) DEFAULT 0.00,
  `deadweight` decimal(5,2) DEFAULT 0.00,
  `displacement` decimal(5,2) DEFAULT 0.00,
  `impact_ratio` decimal(5,4) DEFAULT 1.0000,
  `created_at` timestamp NOT NULL DEFAULT current_timestamp(),
  `updated_at` timestamp NOT NULL DEFAULT current_timestamp() ON UPDATE current_timestamp(),
  `benefit_detail` text DEFAULT NULL,
  `beneficiary` text DEFAULT NULL,
  `benefit_note` int(11) NOT NULL,
  `year` varchar(10) DEFAULT NULL COMMENT 'ปี พ.ศ. ของการประเมิน'
) ENGINE=InnoDB DEFAULT CHARSET=utf8mb4 COLLATE=utf8mb4_general_ci;

-- --------------------------------------------------------

--
-- Table structure for table `project_outcomes`
--

CREATE TABLE `project_outcomes` (
  `id` int(11) NOT NULL,
  `project_id` int(11) NOT NULL,
  `outcome_id` int(11) NOT NULL,
  `outcome_details` text DEFAULT NULL COMMENT 'รายละเอียดเพิ่มเติมของผลลัพธ์',
  `created_by` int(11) NOT NULL,
  `created_at` timestamp NOT NULL DEFAULT current_timestamp(),
  `updated_at` timestamp NOT NULL DEFAULT current_timestamp() ON UPDATE current_timestamp()
) ENGINE=InnoDB DEFAULT CHARSET=utf8mb4 COLLATE=utf8mb4_general_ci;

-- --------------------------------------------------------

--
-- Table structure for table `project_outputs`
--

CREATE TABLE `project_outputs` (
  `id` int(11) NOT NULL,
  `project_id` int(11) NOT NULL COMMENT 'รหัสโครงการ',
  `output_id` int(11) NOT NULL COMMENT 'รหัสผลผลิต',
  `output_details` text NOT NULL COMMENT 'รายละเอียดเพิ่มเติมของผลผลิต',
  `created_by` varchar(100) DEFAULT NULL COMMENT 'ผู้สร้าง',
  `created_at` timestamp NOT NULL DEFAULT current_timestamp(),
  `updated_at` timestamp NOT NULL DEFAULT current_timestamp() ON UPDATE current_timestamp()
) ENGINE=InnoDB DEFAULT CHARSET=utf8mb4 COLLATE=utf8mb4_unicode_ci COMMENT='ตารางเก็บการเลือกผลผลิตของโครงการ';

--
-- Triggers `project_outputs`
--
DELIMITER $$
CREATE TRIGGER `audit_project_outputs_insert` AFTER INSERT ON `project_outputs` FOR EACH ROW BEGIN
    INSERT INTO audit_logs (table_name, record_id, action, new_values, user_id, timestamp)
    VALUES ('project_outputs', NEW.id, 'INSERT', JSON_OBJECT(
        'project_id', NEW.project_id,
        'output_id', NEW.output_id,
        'created_by', NEW.created_by
    ), NULL, NOW());
END
$$
DELIMITER ;

-- --------------------------------------------------------

--
-- Table structure for table `project_strategies`
--

CREATE TABLE `project_strategies` (
  `id` int(11) NOT NULL,
  `project_id` int(11) NOT NULL COMMENT 'รหัสโครงการ',
  `strategy_id` int(11) NOT NULL COMMENT 'รหัสยุทธศาสตร์',
  `created_by` varchar(100) DEFAULT NULL COMMENT 'ผู้สร้าง',
  `created_at` timestamp NOT NULL DEFAULT current_timestamp(),
  `updated_at` timestamp NOT NULL DEFAULT current_timestamp() ON UPDATE current_timestamp()
) ENGINE=InnoDB DEFAULT CHARSET=utf8mb4 COLLATE=utf8mb4_unicode_ci COMMENT='ตารางเก็บการเลือกยุทธศาสตร์ของโครงการ';

--
-- Triggers `project_strategies`
--
DELIMITER $$
CREATE TRIGGER `audit_project_strategies_insert` AFTER INSERT ON `project_strategies` FOR EACH ROW BEGIN
    INSERT INTO audit_logs (table_name, record_id, action, new_values, user_id, timestamp)
    VALUES ('project_strategies', NEW.id, 'INSERT', JSON_OBJECT(
        'project_id', NEW.project_id,
        'strategy_id', NEW.strategy_id,
        'created_by', NEW.created_by
    ), NULL, NOW());
END
$$
DELIMITER ;

-- --------------------------------------------------------

--
-- Table structure for table `project_with_without`
--

CREATE TABLE `project_with_without` (
  `id` int(11) NOT NULL,
  `project_id` int(11) NOT NULL,
  `benefit_detail` text NOT NULL,
  `with_value` text DEFAULT NULL,
  `without_value` text DEFAULT NULL,
  `created_by` int(11) NOT NULL,
  `created_at` timestamp NOT NULL DEFAULT current_timestamp(),
  `updated_at` timestamp NOT NULL DEFAULT current_timestamp() ON UPDATE current_timestamp()
) ENGINE=InnoDB DEFAULT CHARSET=utf8mb4 COLLATE=utf8mb4_general_ci;

-- --------------------------------------------------------

--
-- Table structure for table `proxies`
--

CREATE TABLE `proxies` (
  `proxy_id` int(11) NOT NULL,
  `outcome_id` int(11) NOT NULL COMMENT 'รหัสผลลัพธ์ที่เกี่ยวข้อง',
  `proxy_sequence` varchar(10) NOT NULL COMMENT 'ลำดับ Proxy เช่น 1, 2, 3',
  `proxy_name` varchar(500) NOT NULL COMMENT 'ชื่อ Proxy',
  `calculation_formula` text NOT NULL COMMENT 'สูตรการคำนวณ',
  `proxy_description` text NOT NULL COMMENT 'รายละเอียดแหล่งที่มาของข้อมูล',
  `created_at` timestamp NOT NULL DEFAULT current_timestamp(),
  `updated_at` timestamp NOT NULL DEFAULT current_timestamp() ON UPDATE current_timestamp()
) ENGINE=InnoDB DEFAULT CHARSET=utf8mb4 COLLATE=utf8mb4_unicode_ci COMMENT='ตารางเก็บข้อมูล Proxy สำหรับการคำนวณมูลค่าทางการเงินของผลลัพธ์';

--
-- Dumping data for table `proxies`
--

INSERT INTO `proxies` (`proxy_id`, `outcome_id`, `proxy_sequence`, `proxy_name`, `calculation_formula`, `proxy_description`, `created_at`, `updated_at`) VALUES
(1, 1, '1', '1.รายได้จากค่าตอบแทนในการถ่ายทอดความรู้ทักษะเกี่ยวกับ.........................................', '(ค่าตอบแทน/ครั้ง/คน x จำนวนครั้ง/ปี x จำนวนคน = xxxxx บาท/ปี)', '(จากการสัมภาษณ์ค่าตอบที่ได้รับ หรือระเบียบค่าตอบแทนวิทยากรในเรื่องที่คล้ายกัน)', '2025-08-05 02:43:02', '2025-08-05 02:43:02'),
(2, 2, '1', '1.รายได้ที่เพิ่มขึ้นจากการนำความรู้/ทักษะ.................ไปใช้ทำให้.....(เกิดการเปลี่ยนแปลงอย่างไร)......', '(เช่น รายได้เพิ่มขึ้นจากยอดขายที่เพิ่มขึ้น = ราคาขาย x ปริมาณ = xxxxx บาท/ปี เป็นต้น)', '(จากการสัมภาษณ์รายได้ที่เพิ่มขึ้น)', '2025-08-05 02:44:12', '2025-08-05 02:44:12'),
(3, 3, '1', '1.ต้นทุนลดลงจากการนำความรู้/ทักษะ.................ไปใช้ ทำให้.....(เกิดการเปลี่ยนแปลงอย่างไร)......', '(เช่น ต้นทุนด้านการผลิตผลิตภัณฑ์ลดลงจากการลดการใช้สารเคมี = ต้นทุนที่ลดลง x ปริมาณ = xxxxx บาท/ปี เป็นต้น)', '(จากการสัมภาษณ์ต้นทุนที่ลดลง)', '2025-08-05 02:45:20', '2025-08-05 02:45:20'),
(4, 4, '1', '1.รายได้จากค่าตอบแทนในการถ่ายทอดศักยภาพ ด้าน............................................', '(ค่าตอบแทน/ครั้ง/คน x จำนวนครั้ง/ปี x จำนวนคน = xxxxx บาท/ปี)', '(จากการสัมภาษณ์ค่าตอบที่ได้รับ หรือระเบียบค่าตอบแทนวิทยากรในเรื่องที่คล้ายกัน)', '2025-08-05 02:48:52', '2025-08-05 02:48:52'),
(5, 5, '1', '1.รายได้ที่เพิ่มขึ้นจากการนำความรู้ความสามารถที่เกิดจากศักยภาพ ด้าน.................ไปใช้ทำให้.....(เกิดการเปลี่ยนแปลงอย่างไร)......', '(เช่น รายได้เพิ่มขึ้นจากยอดขายที่เพิ่มขึ้น = ราคาขาย x ปริมาณ = xxxxx บาท/ปี เป็นต้น)', '(จากการสัมภาษณ์รายได้ที่เพิ่มขึ้น)', '2025-08-05 02:49:40', '2025-08-05 02:49:40'),
(6, 6, '1', '1.ต้นทุนลดลงจากการนำความรู้ความสามารถที่เกิดจากศักยภาพ ด้าน.....................ไปใช้ ทำให้.....(เกิดการเปลี่ยนแปลงอย่างไร)......', '(เช่น ต้นทุนด้านการผลิตผลิตภัณฑ์ลดลงจากการลดการใช้สารเคมี = ต้นทุนที่ลดลง x ปริมาณ = xxxxx บาท/ปี เป็นต้น)', '(จากการสัมภาษณ์ต้นทุนที่ลดลง)', '2025-08-05 02:50:57', '2025-08-05 02:50:57'),
(7, 7, '1', '1.รายได้จากค่าตอบแทนในการถ่ายทอดสมรรถนะ ด้าน..........................................', '(ค่าตอบแทน/ครั้ง/คน x จำนวนครั้ง/ปี x จำนวนคน = xxxxx บาท/ปี)', '(จากการสัมภาษณ์ค่าตอบที่ได้รับ หรือระเบียบค่าตอบแทนวิทยากรในเรื่องที่คล้ายกัน)', '2025-08-05 02:53:29', '2025-08-05 02:53:29'),
(8, 8, '1', '1.รายได้ที่เพิ่มขึ้นจากการนำสมรรถนะด้าน..................ไปใช้ทำให้.....(เกิดการเปลี่ยนแปลงอย่างไร)......', '(เช่น รายได้เพิ่มขึ้นจากการผลิตได้มากขึ้นในเวลาเท่าเดิม = ราคาขาย x ปริมาณที่เพิ่มขึ้น = xxxxx บาท/ปี เป็นต้น)', '(จากการสัมภาษณ์รายได้ที่เพิ่มขึ้น)', '2025-08-05 02:54:47', '2025-08-05 02:54:47'),
(9, 9, '1', '1.ต้นทุนลดลงจากการนำสมรรถนะ ด้าน.................ไปใช้ ทำให้.....(เกิดการเปลี่ยนแปลงอย่างไร)......', '(เช่น ต้นทุนด้านวัตถุดิบลดลงจากของเสียที่ลดลง = ต้นทุนที่ลดลง x ปริมาณ = xxxxx บาท/ปี เป็นต้น)', '(จากการสัมภาษณ์ต้นทุนที่ลดลง)', '2025-08-05 02:55:47', '2025-08-05 02:55:47'),
(10, 10, '1', '1.รายได้เพิ่มขึ้นจากกลุ่มอาชีพ/อาชีพเสริม', 'จำนวน........บาท/ปี', '(จากการสัมภาษณ์รายได้ที่เพิ่มขึ้นจากการมีกลุ่มอาชีพหรืออาชีพเสริม)', '2025-08-06 03:00:12', '2025-08-06 03:00:12'),
(11, 11, '1', '1.รายได้จากการขายผลิตภัณฑ์ใหม่', '(จำนวนผลิตภัณฑ์ใหม่ x ราคา) – (ต้นทุน x ปริมาณขาย) (หากมีหลายผลิตภัณฑ์ให้แยกเป็นรายผลิตภัณฑ์)', '(จากการสัมภาษณ์รายได้ที่เพิ่มขึ้น)', '2025-08-06 03:02:29', '2025-08-06 03:02:29'),
(12, 12, '1', '1.รายได้จากการขายผลิตภัณฑ์แปรรูป', '(จำนวนผลิตภัณฑ์แปรรูป x ราคา) – (ต้นทุน x ปริมาณขาย) (หากมีหลายผลิตภัณฑ์ให้แยกเป็นรายผลิตภัณฑ์)', '(จากการสัมภาษณ์รายได้ที่เพิ่มขึ้น)', '2025-08-06 03:03:28', '2025-08-06 03:03:28'),
(13, 13, '1', '1.รายได้จากการขายผลิตภัณฑ์สร้างสรรค์', '(จำนวนผลิตภัณฑ์สร้างสรรค์ x ราคา) – (ต้นทุน x ปริมาณขาย) (หากมีหลายผลิตภัณฑ์ให้แยกเป็นรายผลิตภัณฑ์)', '(จากการสัมภาษณ์รายได้ที่เพิ่มขึ้น)', '2025-08-06 03:04:31', '2025-08-06 03:04:31'),
(14, 14, '1', '1.รายได้จากการขายผลิตภัณฑ์ใหม่ที่ได้รับมาตรฐาน', '(จำนวนผลิตภัณฑ์ใหม่ที่ได้รับมาตรฐาน x ราคา) – (ต้นทุน x ปริมาณขาย)', '(หากมีหลายผลิตภัณฑ์ให้แยกเป็นรายผลิตภัณฑ์) (จากการสัมภาษณ์รายได้ที่เพิ่มขึ้น)', '2025-08-06 03:05:17', '2025-08-06 03:05:17'),
(15, 15, '1', '1.รายได้จากการขายผลิตภัณฑ์ใหม่ที่ได้รับมาตรฐาน', '(จำนวนผลิตภัณฑ์ใหม่ที่ได้รับมาตรฐาน x ราคา) – (ต้นทุน x ปริมาณขาย)', '(หากมีหลายผลิตภัณฑ์ให้แยกเป็นรายผลิตภัณฑ์) (จากการสัมภาษณ์รายได้ที่เพิ่มขึ้น)', '2025-08-06 03:06:57', '2025-08-06 03:06:57'),
(16, 16, '1', '1.รายได้จากการขายผลิตภัณฑ์สร้างสรรค์ที่ได้รับมาตรฐาน', '(จำนวนผลิตภัณฑ์สร้างสรรค์ที่ได้รับมาตรฐาน x ราคา) – (ต้นทุน x ปริมาณขาย) (หากมีหลายผลิตภัณฑ์ให้แยกเป็นรายผลิตภัณฑ์)', '(จากการสัมภาษณ์รายได้ที่เพิ่มขึ้น)', '2025-08-06 03:07:48', '2025-08-06 03:07:48'),
(17, 17, '1', '1.รายได้ที่เพิ่มขึ้นจากการการมีผู้อื่นมาขอใช้ลิขสิทธิ์ สิทธิบัตร อนุสิทธิบัตร', 'ค่าตอบแทนในการให้ใช้สิทธิ (หากมีหลายผลิตภัณฑ์ให้แยกเป็นรายผลิตภัณฑ์)', '(จากการสัมภาษณ์รายได้ที่เพิ่มขึ้น)', '2025-08-06 03:09:00', '2025-08-06 03:09:00'),
(18, 18, '1', '1.รายได้ที่เพิ่มขึ้นจากการการมีผู้อื่นมาขอใช้ลิขสิทธิ์ สิทธิบัตร อนุสิทธิบัตร', 'ค่าตอบแทนในการให้ใช้สิทธิ (หากมีหลายผลิตภัณฑ์ให้แยกเป็นรายผลิตภัณฑ์)', '(จากการสัมภาษณ์รายได้ที่เพิ่มขึ้น)', '2025-08-06 03:10:11', '2025-08-06 03:10:11'),
(19, 19, '1', '1.รายได้ที่เพิ่มขึ้นจากการการมีผู้อื่นมาขอใช้ลิขสิทธิ์ สิทธิบัตร อนุสิทธิบัตร', 'ค่าตอบแทนในการให้ใช้สิทธิ (หากมีหลายผลิตภัณฑ์ให้แยกเป็นรายผลิตภัณฑ์)', '(จากการสัมภาษณ์รายได้ที่เพิ่มขึ้น)', '2025-08-06 03:11:07', '2025-08-06 03:11:07'),
(20, 20, '1', '1. รายได้ที่นักท่องเที่ยวเข้าพักเพิ่มขึ้น', '(จำนวน......คน x ค่าที่พัก....บาท/คน) – ต้นทุน/คน (คำนวณเป็นรายปี) หรือ รายได้สุทธิ...............บาท/ปี', '(จากการสัมภาษณ์ข้อมูลจากกผู้ประกอบการโฮมสเตย์เป้าหมาย)', '2025-08-06 03:20:51', '2025-08-06 03:20:51'),
(21, 21, '1', '1. รายได้ที่นักท่องเที่ยวเข้าพักเพิ่มขึ้น', '(จำนวน......คน x ค่าที่พัก....บาท/คน) – ต้นทุน/คน (คำนวณเป็นรายปี) หรือ รายได้สุทธิ...............บาท/ปี', '(จากการสัมภาษณ์ข้อมูลจากกผู้ประกอบการโฮมสเตย์เป้าหมาย)', '2025-08-06 03:21:47', '2025-08-06 03:21:47'),
(22, 22, '1', '1.ค่าใช้จ่ายในการเข้าร่วมกิจกรรมของนักท่องเที่ยว', '(จำนวนคน x จำนวน....บาท/คน) – (ต้นทุน.....บาท/คน)', '', '2025-08-06 03:23:02', '2025-08-06 03:23:02'),
(23, 23, '1', '1.ค่าจ้างผู้นำเที่ยวนำทาง/มัคคุเทศก์', '(จำนวนผู้นำเที่ยวนำทาง/มัคคุเทศก์ x ค่าจ้างต่อคน)', '(จากการสัมภาษณ์กลุ่มเป้าหมาย)', '2025-08-06 03:29:16', '2025-08-06 03:29:16'),
(24, 23, '2', '2.รายได้จากการมาเที่ยวของนักท่องเที่ยว', '(จำนวนนักท่องเที่ยว x ค่าใช้จ่ายต่อคน) – (ต้นทุนต่อคน)', '(จากการสัมภาษณ์จากนักท่องเที่ยว)', '2025-08-06 03:29:16', '2025-08-06 03:29:16'),
(25, 24, '1', '1.รายได้เพิ่มขึ้นจากการจัดอบรมหลักสูตร..............', '(ค่าตอบแทน/ครั้ง/คน x จำนวนครั้ง x จำนวนคน = xxxxx บาท/ปี)', '(หากมีหลายหลักสูตรให้แยกเป็นรายหลักสูตร) (จากการสัมภาษณ์รายได้ที่เพิ่มขึ้น)', '2025-08-06 03:30:39', '2025-08-06 03:30:39'),
(26, 25, '1', '1.รายได้เพิ่มขึ้นจาก...............(ความรู้/ทักษะที่ได้รับจากหลักสูตร).............ที่เพิ่มขึ้น', 'จำนวน......บาท/ปี (รายได้เพิ่มขึ้นจากการเลื่อนตำแหน่งที่สูงขึ้น หรือ รายได้ที่เพิ่มขึ้นจากกิจการมียอดขายมากขึ้น หรือ รายได้เพิ่มขึ้นจากการมีอาชีพใหม่ ฯลฯ) (หากมีหลายหลักสูตรให้แยกเป็นรายหลักสูตร)', '(จากการสัมภาษณ์รายได้ที่เพิ่มขึ้น)', '2025-08-06 03:31:53', '2025-08-06 03:31:53'),
(27, 26, '1', '1.ความรู้/ทักษะ จากหลักสูตร ทำให้...........ดีขึ้น และสามารถทำให้ต้นทุนลดลงหรือค่าใช้จ่ายลดลง', '(หากมีหลายหลักสูตรให้แยกเป็นรายหลักสูตร)', '(จากการสัมภาษณ์ต้นทุนที่ลดลง)', '2025-08-06 03:33:57', '2025-08-06 03:33:57'),
(28, 27, '1', '1.รายได้เพิ่มขึ้นจากการจัดอบรมหลักสูตร..............', '(ค่าตอบแทน/ครั้ง/คน x จำนวนครั้ง x จำนวนคน = xxxxx บาท/ปี) (หากมีหลายหลักสูตรให้แยกเป็นรายหลักสูตร)', '(จากการสัมภาษณ์รายได้ที่เพิ่มขึ้น)', '2025-08-06 03:35:49', '2025-08-06 03:35:49'),
(29, 28, '1', '1.รายได้เพิ่มขึ้นจาก...............(ความรู้/ทักษะที่ได้รับจากหลักสูตร).............ที่เพิ่มขึ้น', 'จำนวน......บาท/ปี (รายได้เพิ่มขึ้นจากการเลื่อนตำแหน่งที่สูงขึ้น หรือ รายได้ที่เพิ่มขึ้นจากกิจการมียอดขายมากขึ้น หรือ รายได้เพิ่มขึ้นจากการมีอาชีพใหม่ ฯลฯ) (หากมีหลายหลักสูตรให้แยกเป็นรายหลักสูตร)', '(จากการสัมภาษณ์รายได้ที่เพิ่มขึ้น)', '2025-08-06 03:36:39', '2025-08-06 03:36:39'),
(30, 29, '1', '1.ความรู้/ทักษะ จากหลักสูตร ทำให้...........ดีขึ้น และสามารถทำให้ต้นทุนลดลงหรือค่าใช้จ่ายลดลง', '(หากมีหลายหลักสูตรให้แยกเป็นรายหลักสูตร)', '(จากการสัมภาษณ์ต้นทุนที่ลดลง)', '2025-08-06 03:38:34', '2025-08-06 03:38:34'),
(31, 30, '1', '1.รายได้เพิ่มขึ้นจาก....(ทำให้ดีขึ้นอย่างไร เช่น ขายสินค้าได้เพิ่มขึ้น)....จำนวน........บาท/ปี', '', '', '2025-08-06 03:39:40', '2025-08-06 03:39:40'),
(32, 31, '1', '1.ต้นทุนหรือค่าใช้จ่ายลดลงจาก....(ทำให้ดีขึ้นอย่างไร เช่น ลดค่าใช้จ่ายในการจ้างคนไปขายสินค้า)....', 'จำนวน........บาท/ปี', '', '2025-08-06 03:40:39', '2025-08-06 03:40:39'),
(33, 32, '1', '1.ประสิทธิภาพเพิ่มขึ้นจาก....(ทำให้ดีขึ้นอย่างไร เช่น ลดเวลาในการทำงาน ผลผลิตเพิ่มขึ้น', 'รายได้ที่เกิดขึ้นจากเวลาที่ลดลงสามารถนำไปใช้ประโยชน์และมีรายได้เพิ่มขึ้น = (จำนวนชม.ที่ลดลง x ค่าแรงขั้นต่ำ x จำนวนคน (รายปี) รายได้จากผลผลิตที่เพิ่มขึ้น = (จำนวนผลผลิตที่เพิ่มขึ้น x ราคาผลผลิต/หน่วย(กก.,กรัม))', '(จากการสัมภาษณ์ผู้ใช้ประโยชน์ อ้างอิงจากแหล่งต่างๆกรณ๊ใกล้เคียงกัน)', '2025-08-06 03:41:55', '2025-08-06 03:41:55'),
(34, 33, '1', '1.รายได้เพิ่มขึ้นจาก....(ทำให้ดีขึ้นอย่างไร เช่น ขายสินค้าได้เพิ่มขึ้น)....', 'จำนวน........บาท/ปี', '', '2025-08-06 03:43:17', '2025-08-06 03:43:17'),
(35, 34, '1', '1.ต้นทุนหรือค่าใช้จ่ายลดลงจาก....(ทำให้ดีขึ้นอย่างไร เช่น ลดค่าใช้จ่ายในการจ้างคนไปขายสินค้า)....', 'จำนวน........บาท/ปี', '', '2025-08-06 03:44:00', '2025-08-06 03:44:00'),
(36, 35, '1', '1.ประสิทธิภาพเพิ่มขึ้นจาก....(ทำให้ดีขึ้นอย่างไร เช่น ลดเวลาในการทำงาน ผลผลิตเพิ่มขึ้น)', 'รายได้ที่เกิดขึ้นจากเวลาที่ลดลงสามารถนำไปใช้ประโยชน์และมีรายได้เพิ่มขึ้น = (จำนวนชม.ที่ลดลง x ค่าแรงขั้นต่ำ x จำนวนคน (รายปี)) หรือ รายได้จากผลผลิตที่เพิ่มขึ้น = (จำนวนผลผลิตที่เพิ่มขึ้น x ราคาผลผลิต/หน่วย(กก.,กรัม))', '(จากการสัมภาษณ์ผู้ใช้ประโยชน์ อ้างอิงจากแหล่งต่างๆกรณีใกล้เคียงกัน)', '2025-08-06 03:46:18', '2025-08-06 03:46:18'),
(37, 36, '1', '1.รายได้เพิ่มขึ้นจากการมีช่องทางการจัดจำหน่ายใหม่', 'จำนวน......บาท/ปี (หากมีหลายช่องทางแยกตามประเภทของช่องทางการจัดจำหน่ายใหม่)', '(จากการสัมภาษณ์ผู้ใช้ประโยชน์)', '2025-08-06 03:55:21', '2025-08-06 03:55:21'),
(38, 37, '1', '1.ต้นทุน/ค่าใช้จ่ายเกี่ยวกับ..เรื่องอะไร....ลดลง จากการมีช่องทางการจัดจำหน่ายใหม่', 'จำนวน........บาท/ปี (แยกตามประเภทของช่องทางการจัดจำหน่ายใหม่)', '(จากการสัมภาษณ์ผู้ใช้ประโยชน์)', '2025-08-06 03:56:19', '2025-08-06 03:56:19'),
(39, 39, '1', '1.รายได้เพิ่มขึ้นจากการมีช่องทางการจัดจำหน่ายใหม่', 'จำนวน......บาท/ปี (หากมีหลายช่องทางแยกตามประเภทของช่องทางการจัดจำหน่ายใหม่)', '(จากการสัมภาษณ์ผู้ใช้ประโยชน์)', '2025-08-06 03:59:27', '2025-08-06 03:59:27'),
(40, 39, '2', '2.ต้นทุน/ค่าใช้จ่ายเกี่ยวกับ..เรื่องอะไร....ลดลง จากการมีช่องทางการจัดจำหน่ายใหม่', 'จำนวน........บาท/สัปดาห์(เดือน,ปี) (หากมีหลายช่องทางแยกตามประเภทของช่องทางการจัดจำหน่ายใหม่)', '(จากการสัมภาษณ์ผู้ใช้ประโยชน์)', '2025-08-06 03:59:27', '2025-08-06 03:59:27'),
(41, 40, '1', '1.ยอดขาย(รายได้)เพิ่มขึ้นจากการจัดงานแสดงผลิตภัณฑ์/ผลงาน', 'จำนวน......บาท/ปี (หากมีหลายครั้งให้แยกเป็นรายครั้ง)', '(จากการสัมภาษณ์ผู้ใช้ประโยชน์)', '2025-08-06 04:00:42', '2025-08-06 04:00:42'),
(42, 41, '1', '1.ยอดขาย(รายได้)เพิ่มขึ้นจากการมีช่องทางการจัดจำหน่ายใหม่', 'จำนวน......บาท/ปี', '(จากการสัมภาษณ์ผู้ใช้ประโยชน์)', '2025-08-06 04:01:50', '2025-08-06 04:01:50'),
(43, 41, '2', '2.ต้นทุน/ค่าใช้จ่ายเกี่ยวกับ..(เรื่องอะไร)....ลดลง จากการมีสื่อด้านการตลาดออนไลน์', 'จำนวน........บาท/ปี', '(จากการสัมภาษณ์ผู้ใช้ประโยชน์)', '2025-08-06 04:01:50', '2025-08-06 04:01:50'),
(44, 42, '1', '1. ยอดขาย(รายได้)เพิ่มขึ้นจากการมีสื่อด้านการตลาด', 'จำนวน......บาท/ปี', '(จากการสัมภาษณ์ผู้ใช้ประโยชน์)', '2025-08-06 04:02:57', '2025-08-06 04:02:57'),
(45, 42, '2', '2. ต้นทุน/ค่าใช้จ่ายเกี่ยวกับ..เรื่องอะไร....ลดลง จากการมีสื่อด้านการตลาด', 'จำนวน........บาท/สัปดาห์(เดือน,ปี)', '(จากการสัมภาษณ์ผู้ใช้ประโยชน์)', '2025-08-06 04:02:58', '2025-08-06 04:02:58'),
(46, 43, '1', '1.รายได้จากการขายสินค้า/ผลิตภัณฑ์', 'จำนวน......บาท/ปี (แยกเป็นรายผลิตภัณฑ์ หรือเฉลี่ยรายได้ทั้งหมด)', '(จากการสัมภาษณ์ผู้ใช้ประโยชน์)', '2025-08-06 04:32:48', '2025-08-06 04:32:48'),
(47, 44, '1', '1.รายได้เพิ่มขึ้นจากการมีกลุ่ม/คณะเข้าเยี่ยมชมจำนวน.....กลุ่ม/คณะ หรือจำนวนคน', 'จำนวนกลุ่มคณะ x ค่าเข้าชมต่อกลุ่มคณะ หรือ จำนวนผู้เข้าชม x ค่าเข้าชมต่อคน', '(จากการสัมภาษณ์ผู้ใช้ประโยชน์)', '2025-08-06 04:33:44', '2025-08-06 04:33:44'),
(48, 46, '1', '1.รายได้เพิ่มขึ้นจากการขายสินค้าเพิ่มขึ้น', 'จำนวน.....บาท/ปี', '(จากการสัมภาษณ์ผู้ใช้ประโยชน์)', '2025-08-06 04:34:52', '2025-08-06 04:34:52'),
(49, 47, '2', '2.ต้นทุนหรือค่าใช้จ่ายที่ลดลงจากการจัดตั้งกลุ่มวิสาหกิจชุมชน (เช่น ทำให้มีเครือข่ายเพิ่มขึ้นหรือต่อรองต้นทุนวัตถุดิบในราคาที่ถูกลง ทำให้ต้นทุนลดลง)', 'จำนวน.....บาท/ปี', '(จากการสัมภาษณ์ผู้ใช้ประโยชน์)', '2025-08-06 04:35:32', '2025-08-06 04:35:32'),
(50, 47, '2', '2.ต้นทุนหรือค่าใช้จ่ายที่ลดลงจากการจัดตั้งกลุ่มวิสาหกิจชุมชน (เช่น ทำให้มีเครือข่ายเพิ่มขึ้นหรือต่อรองต้นทุนวัตถุดิบในราคาที่ถูกลง ทำให้ต้นทุนลดลง)', 'จำนวน.....บาท/ปี', '(จากการสัมภาษณ์ผู้ใช้ประโยชน์)', '2025-08-06 07:18:20', '2025-08-06 07:18:20'),
(51, 50, '2', '2.ลดต้นทุนเกี่ยวกับ........', 'จำนวน........บาท/ปี', '(จากการสัมภาษณ์ผู้ใช้ประโยชน์)', '2025-08-06 07:41:13', '2025-08-06 07:41:13'),
(52, 51, '3', '3.รายได้ที่เพิ่มขึ้นจาก...............', 'จำนวน........บาท/ปี', '(จากการสัมภาษณ์ผู้ใช้ประโยชน์)', '2025-08-06 07:42:18', '2025-08-06 07:42:18'),
(53, 52, '4', '4.ค่าตอบแทน/มูลค่าของประสิทธิภาพที่เพิ่มขึ้น', 'จำนวน.....บาท/ปี เช่น ลดเวลาในการทำงาน = จำนวนชม.(วัน)ที่ลดลง x ค่าจ้างต่อชั่วโมง(วัน) หรือรายได้ที่เกิดจากการนำเวลาที่ลดลงไปทำอย่างอื่น, ใช้แรงงานลดลง = จำนวนแรงงานที่ลดลง x ค่าจ้างแรงงานต่อวัน', '(จากการสัมภาษณ์ผู้ใช้ประโยชน์)', '2025-08-06 07:43:08', '2025-08-06 07:43:08'),
(54, 56, '1', '1.รายได้จาก.......เพิ่มขึ้น', '.....บาท/ปี', '(จากการสัมภาษณ์ผู้ใช้ประโยชน์)', '2025-08-06 07:49:03', '2025-08-06 07:49:03'),
(55, 57, '1', '1.ต้นทุนจาก.......ลดลง', '......บาท/ปี', '(จากการสัมภาษณ์ผู้ใช้ประโยชน์)', '2025-08-06 07:50:07', '2025-08-06 07:50:07'),
(56, 58, '1', '1.มูลค่าจากผลผลิตเพิ่มขึ้น', '(จำนวนผลผลิตที่เพิ่มขึ้น x ราคาต่อหน่วย) - ต้นทุนต่อหน่วย', '(จากการสัมภาษณ์ผู้ใช้ประโยชน์)', '2025-08-06 07:51:16', '2025-08-06 07:51:16'),
(57, 58, '2', '2.มูลค่าเวลาทำงานลดลง', 'จำนวนเวลาทำงานที่ลดลง (ชม./คน/วัน) x ค่าตอบแทนหรือค่าจ้าง/คน/วัน (คิดออกมาเป็นรายปี)', '(จากการสัมภาษณ์ผู้ใช้ประโยชน์)', '2025-08-06 07:51:16', '2025-08-06 07:51:16'),
(58, 59, '1', '1.รายได้เพิ่มขึ้นจาก.......................', 'บาท/ปี', '(จากการสัมภาษณ์ผู้ใช้ประโยชน์)', '2025-08-06 07:52:42', '2025-08-06 07:52:42'),
(59, 60, '1', '1.มูลค่าจากการขอใช้สิทธิ์นวัตกรรม', 'ค่าตอบแทนในการใช้สิทธิ์ x จำนวนครั้ง = xxxxxบาท/ปี', '', '2025-08-06 07:53:50', '2025-08-06 07:53:50'),
(60, 61, '1', '1.รายได้จาก..อะไรดีขึ้น เช่น ขายผลิตภัณฑ์', '...เพิ่มขึ้น......บาท/ปี', '', '2025-08-06 07:55:16', '2025-08-06 07:55:16'),
(61, 62, '1', '1.ต้นทุนจาก ......อะไรดีขึ้น เช่น ต้นทุน/ค่าใช้จ่ายในการจัดวัตถุดิบได้ในราคาถูก', 'ลดลง.....บาท/ปี', '(จากการสัมภาษณ์ผู้ใช้ประโยชน์)', '2025-08-06 07:57:08', '2025-08-06 07:57:08'),
(62, 64, '1', '1.รายได้จาก..อะไรดีขึ้น เช่น ขายผลิตภัณฑ์...เพิ่มขึ้น', '......บาท/ปี', '', '2025-08-06 07:58:23', '2025-08-06 07:58:23'),
(63, 65, '1', '1.ต้นทุนจาก ......อะไรดีขึ้น เช่น ต้นทุน/ค่าใช้จ่ายในการจัดวัตถุดิบได้ในราคาถูก', 'ลดลง.....บาท/ปี', '(จากการสัมภาษณ์ผู้ใช้ประโยชน์)', '2025-08-06 07:59:15', '2025-08-06 07:59:15'),
(64, 67, '1', '1.รายได้จาก..อะไรดีขึ้น เช่น ขายผลิตภัณฑ์...เพิ่มขึ้น', '......บาท/ปี', '', '2025-08-06 08:00:29', '2025-08-06 08:00:29'),
(65, 68, '1', '1.ต้นทุนจาก ......อะไรดีขึ้น เช่น ต้นทุน/ค่าใช้จ่ายในการจัดวัตถุดิบได้ในราคาถูก', 'ลดลง.....บาท/ปี', '(จากการสัมภาษณ์ผู้ใช้ประโยชน์)', '2025-08-06 08:02:13', '2025-08-06 08:02:13'),
(66, 77, '1', '1.ความสุขเพิ่มขึ้นอาจจะทำให้มีพฤติกรรมบางอย่างด้านลบน้อยลง', 'เช่น ปกติพบจิตแพทย์อยู่เป็นประจำ เมื่อมีความสุขมากขึ้นทำให้ลดการพบจิตแพทย์ลง (ค่าใช้จ่ายในการพบจิตแพทย์ลดลง......บาท/ปี) หรือ ปกติอยู่คนเดียว ไม่ออกไปพบปะผู้คน เมื่อมีความสุขมากขึ้น มีการออกไปพบปะ/สังสรรค์/นันทนาการเพิ่มขึ้น จำนวน........ครั้ง/เดือน(ปี) (ค่าใช้จ่ายในการออกไปพบปะ/สังสรรค์/กิจกรรมนันทนาการ................บาท/ครั้ง x จำนวนครั้งที่เพิ่มขึ้น) (คิดเป็นรายปี)', '(สัมภาษณ์หรือเทียบเคียงอัตราค่าบริการพบจิตแพทย์อ้างอิง หรือจากการสัมภาษณ์กลุ่มเป้าหมาย)', '2025-08-06 08:28:38', '2025-08-06 08:28:38'),
(67, 78, '1', '1.ความสามัคคีเพิ่มขึ้น เคารพผู้อื่นมากขึ้น เช่น ปัญหาความขัดแย้งในชุมชนลดลง', '(ค่าใช้จ่ายในการไกล่เกลี่ยความขัดแย้งในชุมชน x จำนวนครั้งความขัดแย้งที่ลดลง) (คิดเป็นรายปี) หรือ ค่าใช้จ่ายในการการจัดกิจกรรมเสริมสร้างความสามัคคีลดลง (คิดเป็นรายปี)', '(จากการสัมภาषณ์กลุ่มเป้าหมาย หรือเทียบเคียงกรณีใกล้เคียง)', '2025-08-06 08:29:33', '2025-08-06 08:29:33'),
(68, 79, '1', '1.คุณธรรมจริยธรรมที่ดีขึ้น เช่น เคารพ/กฎระเบียบ วินัยมากขึ้น, การทะเลาะวิวาทลดลง', 'ค่าปรับในการผิดกฎระเบียบ วินัย ลดลง (จำนวนครั้งที่ลดลง x ค่าปรับต่อครั้ง) (คิดเป็นรายปี) หรือ การทะเลาะวิวาทลดลง = (จำนวนครั้งที่ลดลง x ค่าดำเนินการไกล่เกลี่ยหรือค่าเยียวยาต่อครั้ง) (คิดเป็นรายปี)', '(จากการสัมภาษณ์กลุ่มเป้าหมาย หรือเทียบเคียงค่าปรับ/ไกล่เกลี่ยกรณีใกล้เคียงอ้างอิง)', '2025-08-06 08:30:21', '2025-08-06 08:30:21'),
(69, 79, '2', '2.ได้รับการยอมรับมากขึ้น เช่น มีส่วนร่วมในการเป็นแกนนำกิจกรรม', 'ค่าตอบแทนในการเป็นผู้นำโครงการ/บรรยาย/วิทยากร (ค่าตอบแทน/ชม.(ครั้ง) x จำนวนชม.(ครั้ง) x คน)', '(จากการสัมภาษณ์กลุ่มเป้าหมาย หรือเทียบเคียงเกลี่ยกรณีใกล้เคียงอ้างอิง)', '2025-08-06 08:32:04', '2025-08-06 08:32:04'),
(70, 79, '3', '3.สังคมดีขั้นทำให้ได้รับรางวัล', 'มูลค่าเงินรางวัลที่ได้รับ', '(จากการสัมภาษณ์กลุ่มเป้าหมาย หรือเทียบเคียงค่ากรณีใกล้เคียงอ้างอิง)', '2025-08-06 08:32:43', '2025-08-06 08:32:43'),
(71, 80, '1', '1.ค่าใช้จ่ายด้านสุขภาพที่ลดลง', 'จำนวนครั้งในการพบแพทย์ที่ลดลง x ค่าใช้จ่ายเฉลี่ยต่อครั้ง วัน (คิดตามจำนวนคนเป็นรายปี) หรือ ค่าใช้จ่ายในการรักษาในโรงพยาบาลจากการเป็นผู้ป่วยในลดลง วัน (คิดตามจำนวนคนเป็นรายปี) หรือ ค่าใช้จ่ายในการซื้อยารักษาอาการป่วยที่ลดลง วัน (คิดตามจำนวนคนเป็นรายปี) หรือ จำนวนวันหยุดงานจากการเจ็บป่วยที่ลดลง x ค่าจ้างต่อวัน (คิดตามจำนวนคนเป็นรายปี)', '(จากการสัมภาษณ์กลุ่มเป้าหมาย หรือเทียบเคียงกรณีใกล้เคียงอ้างอิง)', '2025-08-06 08:33:29', '2025-08-06 08:33:29'),
(72, 81, '1', '1.ค่าใช้จ่ายด้านสุขภาพที่ลดลง', 'จำนวนครั้งในการพบแพทย์ที่ลดลง x ค่าใช้จ่ายเฉลี่ยต่อครั้ง (คิดตามจำนวนคนเป็นรายปี) หรือ ค่าใช้จ่ายในการรักษาในโรงพยาบาลจากการเป็นผู้ป่วยในลดลง (คิดตามจำนวนคนเป็นรายปี) หรือ ค่าใช้จ่ายในการซื้อยารักษาอาการป่วยที่ลดลง (คิดตามจำนวนคนเป็นรายปี) หรือ จำนวนวันหยุดงานจากการเจ็บป่วยที่ลดลง x ค่าจ้างต่อวัน (คิดตามจำนวนคนเป็นรายปี)', '(จากการสัมภาษณ์กลุ่มเป้าหมาย หรือเทียบเคียงกรณีใกล้เคียงอ้างอิง)', '2025-08-06 08:34:29', '2025-08-06 08:34:29'),
(73, 82, '2', '2.ค่าใช้จ่ายด้านการป้องกันสุขภาพลดลง', 'ค่าใช้จ่ายในการเข้าคอร์สต่าง ๆ เพื่อดูแลป้องกันสุขภาพ เช่น คอร์สออกกำลังกาย คอร์สลดน้ำหนัก เป็นต้น', '', '2025-08-06 08:35:27', '2025-08-06 08:35:27'),
(74, 84, '6', '6.สภาพแวดล้อมดีขึ้น', '- จำนวนขยะลดลง = ค่าใช้จ่ายในการจัดเก็บขยะลดลง (จำนวนในการจัดเก็บที่ลดลง x ค่าใช้จ่ายในการจัดเก็บต่อครั้ง) - รายได้เพิ่มขึ้นหรือค่าใช้จ่ายลดลงจากการขายหรือใช้ประโยชน์จากขยะคัดแยก = มูลค่าจากการขาย จำนวน......บาท/เดือน(ปี) หรือ มูลค่าค่าใช้จ่ายที่ลดลง จำนวน......บาท/เดือน(ปี) - อากาศดีขึ้น = ค่าใช้จ่ายในการรักษาโรคทางเดินหายใจลดลง จำนวน......บาท/ปี (ค่าใช้จ่ายในการรักษาต่อครั้ง x จำนวนครั้งที่ลดลง) - สภาพดินดีขึ้นเหมาะแก่การเพาะปลูก = ค่าใช้จ่ายหรือตนทุนในการใช้สารบำรุงดิน จำนวน......บาท/ปี - คุณภาพน้ำดีขึ้น = ค่าใช้จ่ายในการทำให้น้ำมีคุณภาพดีขึ้น หรือ ในการซื้อน้ำคุณภาพดีมาใช้ จำนวน......บาท/ปี', '(จากการสัมภาษณ์กลุ่มเป้าหมาย หรือเทียบเคียงค่าปรับ/ไกล่เกลี่ยกรณีใกล้เคียงอ้างอิง)', '2025-08-06 08:36:57', '2025-08-06 08:36:57'),
(75, 85, '1', 'ค่าตอบแทนตำแหน่ง/วิทยฐานะที่สูงขึ้น', '(ค่าตอบแทนที่เพิ่มขึ้น/คน/ปี x จำนวนคน)', '(จากค่าตอบแทนเฉลี่ยของครูวิทยฐานะสูงขึ้น หรือจากการสัมภาษณ์กลุ่มเป้าหมาย)', '2025-08-23 13:37:43', '2025-08-23 13:37:43'),
(76, 86, '1', 'ค่าตอบแทนในการถ่ายทอดความรู้/ทักษะเรื่อง...................', '(ค่าตอบแทน/คน/ปี x จำนวนคน)', '(จากค่าตอบแทนเฉลี่ยของครูวิทยฐานะสูงขึ้น)', '2025-08-23 13:42:00', '2025-08-23 13:42:00'),
(77, 87, '1', 'มูลค่าของเวลาที่ลดลง', 'ค่าตอบแทนครูต่อชม. x จำนวนชั่วโมงที่ลดลง (คิดตามจำนวนคนเป็นรายปี)', '(ค่าตอบแทนครู หรือจากการสัมภาษณ์)', '2025-08-23 13:43:36', '2025-08-23 13:43:36'),
(78, 88, '1', 'มูลค่าของเวลาที่ว่างที่เพิ่มขึ้น', '= นำเวลาว่างที่เพิ่มขึ้นไปใช้ในการเพิ่มรายได้ เกี่ยวกับ................... จำนวน..........บาท/ปี\n= นำเวลาว่างที่เพิ่มขึ้นไปใช้ในการลดต้นทุน เกี่ยวกับ................... จำนวน..........บาท/ปี\n(คิดตามจำนวนคนเป็นรายปี)', '(จากการสัมภาษณ์)', '2025-08-23 13:46:16', '2025-08-23 13:46:16'),
(79, 89, '1', 'มูลค่าผลสัมฤทธิ์ทางการเรียนที่เพิ่มขึ้น', 'ค่าใช้จ่ายในการเรียนพิเศษเพื่อพัฒนาทักษะด้าน.......ลดลง จำนวน......บาท/คน/ปี (ค่าใช้จ่ายที่ลดลงต่อคน x จำนวนคน)', '(สัมภาษณ์ผู้ใช้ประโยชน์ หรือ เทียบเคียงค่าใช้จ่ายในการเรียนพิเศษด้าน........กรณีใกล้เคียงอ้างอิง)', '2025-08-23 13:48:17', '2025-08-23 13:48:17'),
(80, 90, '1', 'มูลค่าของเวลาที่ลดลง', 'ค่าตอบแทนครูต่อชม. x จำนวนชั่วโมงที่ลดลง (คิดตามจำนวนคนเป็นรายปี)', '(ค่าตอบแทนครู หรือจากการสัมภาษณ์)', '2025-08-23 13:51:02', '2025-08-23 13:51:02'),
(81, 91, '1', 'มูลค่าของเวลาที่ว่างที่เพิ่มขึ้น', '= นำเวลาว่างที่เพิ่มขึ้นไปใช้ในการเพิ่มรายได้ เกี่ยวกับ................... จำนวน..........บาท/ปี\n= นำเวลาว่างที่เพิ่มขึ้นไปใช้ในการลดต้นทุน เกี่ยวกับ................... จำนวน..........บาท/ปี\n(คิดตามจำนวนคนเป็นรายปี)', '(จากการสัมภาษณ์)', '2025-08-23 13:52:19', '2025-08-23 13:52:19'),
(82, 92, '1', 'มูลค่าผลสัมฤทธิ์ทางการเรียนที่เพิ่มขึ้น', 'ค่าใช้จ่ายในการเรียนพิเศษเพื่อพัฒนาทักษะด้าน.......ลดลง จำนวน......บาท/คน/ปี (ค่าใช้จ่ายที่ลดลงต่อคน x จำนวนคน)', '(สัมภาษณ์ผู้ใช้ประโยชน์ หรือ เทียบเคียงค่าใช้จ่ายในการเรียนพิเศษด้าน........กรณีใกล้เคียงอ้างอิง)', '2025-08-23 13:57:53', '2025-08-23 13:57:53'),
(83, 93, '1', 'มูลค่าของเวลาที่ลดลง', 'ค่าตอบแทนครูต่อชม. x จำนวนชั่วโมงที่ลดลง (คิดตามจำนวนคนเป็นรายปี)', '(ค่าตอบแทนครู หรือจากการสัมภาษณ์)', '2025-08-23 13:59:22', '2025-08-23 13:59:22'),
(84, 94, '1', 'มูลค่าของเวลาที่ว่างที่เพิ่มขึ้น', '= นำเวลาว่างที่เพิ่มขึ้นไปใช้ในการเพิ่มรายได้ เกี่ยวกับ................... จำนวน..........บาท/ปี\n= นำเวลาว่างที่เพิ่มขึ้นไปใช้ในการลดต้นทุน เกี่ยวกับ................... จำนวน..........บาท/ปี\n(คิดตามจำนวนคนเป็นรายปี)', '(จากการสัมภาษณ์)', '2025-08-23 14:01:23', '2025-08-23 14:01:23'),
(85, 95, '1', 'มูลค่าผลสัมฤทธิ์ทางการเรียนที่เพิ่มขึ้น', 'ค่าใช้จ่ายในการเรียนพิเศษเพื่อพัฒนาทักษะด้าน.......ลดลง จำนวน......บาท/คน/ปี (ค่าใช้จ่ายที่ลดลงต่อคน x จำนวนคน)', '(สัมภาษณ์ผู้ใช้ประโยชน์ หรือ เทียบเคียงค่าใช้จ่ายในการเรียนพิเศษด้าน........กรณีใกล้เคียงอ้างอิง)', '2025-08-23 14:03:19', '2025-08-23 14:03:19'),
(86, 96, '1', 'มูลค่าของเวลาที่ลดลง', 'ค่าตอบแทนครูต่อชม. x จำนวนชั่วโมงที่ลดลง (คิดตามจำนวนคนเป็นรายปี)', '(ค่าตอบแทนครู หรือจากการสัมภาษณ์)', '2025-08-23 14:05:16', '2025-08-23 14:05:16'),
(87, 97, '1', 'มูลค่าของเวลาที่ว่างที่เพิ่มขึ้น', '= นำเวลาว่างที่เพิ่มขึ้นไปใช้ในการเพิ่มรายได้ เกี่ยวกับ................... จำนวน..........บาท/ปี\n= นำเวลาว่างที่เพิ่มขึ้นไปใช้ในการลดต้นทุน เกี่ยวกับ................... จำนวน..........บาท/ปี\n(คิดตามจำนวนคนเป็นรายปี)', '(จากการสัมภาษณ์)', '2025-08-23 14:06:43', '2025-08-23 14:06:43'),
(88, 98, '1', 'มูลค่าผลสัมฤทธิ์ทางการเรียนที่เพิ่มขึ้น', 'ค่าใช้จ่ายในการเรียนพิเศษเพื่อพัฒนาทักษะด้าน.......ลดลง จำนวน......บาท/คน/ปี (ค่าใช้จ่ายที่ลดลงต่อคน x จำนวนคน)', '(สัมภาษณ์ผู้ใช้ประโยชน์ หรือ เทียบเคียงค่าใช้จ่ายในการเรียนพิเศษด้าน........กรณีใกล้เคียงอ้างอิง)', '2025-08-23 14:08:14', '2025-08-23 14:08:14'),
(89, 99, '1', 'มูลค่าของเวลาที่ลดลง', 'ค่าตอบแทนครูต่อชม. x จำนวนชั่วโมงที่ลดลง (คิดตามจำนวนคนเป็นรายปี)', '(ค่าตอบแทนครู หรือจากการสัมภาษณ์)', '2025-08-23 14:09:37', '2025-08-23 14:09:37'),
(90, 100, '1', 'มูลค่าของเวลาที่ว่างที่เพิ่มขึ้น', '= นำเวลาว่างที่เพิ่มขึ้นไปใช้ในการเพิ่มรายได้ เกี่ยวกับ................... จำนวน..........บาท/ปี\n= นำเวลาว่างที่เพิ่มขึ้นไปใช้ในการลดต้นทุน เกี่ยวกับ................... จำนวน..........บาท/ปี\n(คิดตามจำนวนคนเป็นรายปี)', '(จากการสัมภาษณ์)', '2025-08-23 14:11:29', '2025-08-23 14:11:29'),
(91, 101, '1', 'มูลค่าผลสัมฤทธิ์ทางการเรียนที่เพิ่มขึ้น', 'ค่าใช้จ่ายในการเรียนพิเศษเพื่อพัฒนาทักษะด้าน.......ลดลง จำนวน......บาท/คน/ปี (ค่าใช้จ่ายที่ลดลงต่อคน x จำนวนคน)', '(สัมภาษณ์ผู้ใช้ประโยชน์ หรือ เทียบเคียงค่าใช้จ่ายในการเรียนพิเศษด้าน........กรณีใกล้เคียงอ้างอิง)', '2025-08-23 14:13:02', '2025-08-23 14:13:02'),
(92, 102, '1', 'ต้นทุนในการจัดหาสื่อการเรียนการสอนลดลง', 'จำนวน.....บาท/ปี', '(สัมภาษณ์ผู้ใช้ประโยชน์ หรือ เทียบเคียงต้นทุนสื่อด้าน........กรณีใกล้เคียงอ้างอิง)', '2025-08-23 14:16:49', '2025-08-23 14:16:49'),
(93, 103, '1', 'ลดงบประมาณค่าใช้จ่ายในการอบรมพัฒนาความรู้/ทักษะเมื่อใช้นวัตกรรม', '...................บาท/ปี', '(สำรวจค่าใช้จ่ายในการฝึกอบรม/พัฒนาทักษะสำหรับนวัตกรรมนั้นหรือใกล้เคียงอ้างอิง)', '2025-08-23 14:16:49', '2025-08-23 14:16:49'),
(94, 104, '1', 'ค่าใช้จ่ายในการพัฒนาการเรียนการสอนลดลง', 'จำนวน......บาท/ปี', '(สัมภาษณ์ผู้ใช้ประโยชน์)', '2025-08-23 14:16:49', '2025-08-23 14:16:49'),
(95, 105, '1', 'รายได้เพิ่มขึ้นจากการมีความรู้ทักษะ', '.........บาท/ปี (อธิบายรายละเอียดของรายได้ เช่น ทำให้สามารถไปเป็นวิทยากรถ่ายทอดต่อได้ ทำให้มีรายได้จากการแปรรูปผลิตภัณฑ์ รายได้เพิ่มขึ้นจากการมีตำแหน่งหรือวิทยฐานะที่สูงขึ้น)', '(สัมภาษณ์ผู้ใช้ประโยชน์ หรือ เทียบเคียงรายได้หรือค่าตอบแทนกรณีใกล้เคียงอ้างอิง)', '2025-08-23 14:26:47', '2025-08-23 14:26:47'),
(96, 106, '1', 'นักเรียนมีผลสัมฤทธิ์ทางการเรียนเพิ่มขึ้น ทำให้ค่าใช้จ่ายในการเรียนพิเศษลดลง', 'จำนวน......บาท/คน/ปี', '(สัมภาษณ์ผู้ใช้ประโยชน์ หรือ เทียบเคียงรายได้หรือค่าตอบแทนกรณีใกล้เคียงอ้างอิง)', '2025-08-23 14:26:47', '2025-08-23 14:26:47'),
(97, 107, '1', 'โรงเรียนกลุ่มเป้าหมายมีต้นทุนในการจัดหาหลักสูตรลดลง', 'จำนวนงบประมาณในการจัดหาหลักสูตร......ลดลง จำนวน........บาท/ปี', '(สำรวจงบประมาณที่ใช้ในการจัดหาหลักสูตรหรือใกล้เคียงอ้างอิง)', '2025-08-23 14:26:47', '2025-08-23 14:26:47'),
(98, 108, '1', 'มูลค่าที่นักศึกษาครูสอบผ่านประมวลความรู้ และสามารถออกฝึกได้ตามเวลา', 'ลดค่าใช้จ่ายในการอบรมเตรียมความพร้อมจำนวน......บาท/คน/ปี (จำนวนค่าใช้จ่ายในการฝึกอบรมเตรียมความพร้อมต่อคน x จำนวนคน)', '(จากการสัมภาษณ์กลุ่มเป้าหมาย หรือค่าใช้จ่ายหลักสูตรใกล้เคียงอ้างอิง)', '2025-08-23 14:32:09', '2025-08-23 14:32:09'),
(99, 109, '1', 'มูลค่าที่นักศึกษาครูมีคะแนนทดสอบความรู้ผ่านเกณฑ์', 'ลดค่าใช้จ่ายในการอบรมเตรียมความพร้อมจำนวน......บาท/คน/ปี (จำนวนค่าใช้จ่ายในการฝึกอบรมเตรียมความพร้อมต่อคน x จำนวนคน)', '(จากการสัมภาษณ์กลุ่มเป้าหมาย หรือค่าใช้จ่ายหลักสูตรใกล้เคียงอ้างอิง)', '2025-08-23 14:32:09', '2025-08-23 14:32:09'),
(100, 110, '1', 'ลดค่าใช้จ่ายเนื่องจากลดการฝึกสอนซ้ำ', 'จำนวนการฝึกสอนซ้ำที่ลดลง x ค่าใช้จ่ายในการฝึกสอนซ้ำต่อคน x จำนวนคน', '(จากการสัมภาษณ์กลุ่มเป้าหมาย)', '2025-08-23 14:32:09', '2025-08-23 14:33:04'),
(101, 110, '2', 'ค่าเสียโอกาสหากขาดความมั่นใจ (ทำไม่ได้-ลาออก)', 'ค่าใช้จ่ายหลักสูตรครู จำนวน........บาท/คน/ปี (คำนวณตามจำนวนคน)', '(จากการสัมภาษณ์กลุ่มเป้าหมาย)', '2025-08-23 14:32:09', '2025-08-23 14:33:08'),
(102, 110, '3', 'ลดความเครียดในการเรียนครู/ฝึกสอน', 'ลดค่าใช้จ่ายในการพบจิตแพทย์ หรือกิจกรรมอบรมลดความเครียด จำนวน......บาท/คน/ปี', '(จากการสัมภาษณ์กลุ่มเป้าหมาย)', '2025-08-23 14:32:09', '2025-08-23 14:33:14'),
(103, 111, '1', 'ค่าใช้จ่ายในการดูแลนักศึกษาครูฝึกสอน', 'จำนวนนักเรียนที่ฝึกสอนซ้ำลดลง x งบประมาณที่ใช้ในการดูแลนักศึกษาครูต่อคน', '(จากการสัมภาษณ์กลุ่มเป้าหมาย)', '2025-08-23 14:36:04', '2025-08-23 14:36:04'),
(104, 112, '1', 'ลดค่าใช้จ่ายในการหาที่ฝึกสอน', 'จำนวน......บาท/คน/ปี = ค่าใช้จ่ายหาที่ฝึกสอนต่อคน x จำนวนนักเรียนครูที่ฝึกสอน', '', '2025-08-23 15:10:01', '2025-08-23 15:10:01'),
(105, 113, '1', 'ลดค่าใช้จ่ายในการจ้างครู', 'จำนวน.....บาท/ปี (จำนวนคน x อัตราค่าจ้าง)', '(ตามระเบียบการจ้างบุคลากรทางการศึกษา)', '2025-08-23 15:10:01', '2025-08-23 15:10:01'),
(106, 114, '1', 'ลดค่าใช้จ่ายในการหาที่ฝึกสอน', 'จำนวน......บาท/คน/ปี = ค่าใช้จ่ายหาที่ฝึกสอนต่อคน x จำนวนนักเรียนครูที่ฝึกสอน', '', '2025-08-23 15:12:21', '2025-08-23 15:12:21'),
(107, 115, '1', 'ลดค่าใช้จ่ายในการจ้างครู', 'จำนวน.....บาท/ปี (จำนวนคน x อัตราค่าจ้าง)', '(ตามระเบียบการจ้างบุคลากรทางการศึกษา)', '2025-08-23 15:12:21', '2025-08-23 15:12:21'),
(108, 116, '1', 'ค่าตอบแทนที่นักศึกษาได้รับขณะฝึกสหกิจโดยมีรายได้..............บาท/ปี', '(เงินเดือน x จำนวนนักศึกษา x 12 เดือน = xxxxxx บาท/ปี)', '(สัมภาษณ์เกี่ยวกับค่าจ้าง/เงินเดือนที่นักศึกษาได้รับค่าตอบแทนระหว่างฝึกงานหรือเทียบเคียงค่าจ้างในสายงานเดียวกันอ้างอิง)', '2025-08-24 01:37:47', '2025-08-24 01:37:47'),
(109, 117, '1', 'มูลค่าเวลาที่ลดลงจากการสอนงาน', 'จำนวนวันที่ลดลง x ค่าใช้จ่ายในการสอนงานต่อวัน x จำนวนผู้ประกอบการ', '(สัมภาษณ์ผู้ประกอบการ)', '2025-08-24 01:40:15', '2025-08-24 01:40:15'),
(110, 118, '1', 'ค่าใช้จ่าย/ต้นทุนที่ลดลง', 'จำนวน......บาท/ปี (คิดจากผู้ประกอบการทุกราย)', '(สัมภาษณ์ผู้ประกอบการ)', '2025-08-24 01:42:44', '2025-08-24 01:42:44'),
(111, 119, '1', 'นักศึกษาจำนวน......คน ได้รับเข้าทำงานหลังฝึกสหกิจโดยมีรายได้..............บาท/ปี', '(เงินเดือน x จำนวนนักศึกษา x 12 เดือน = xxxxxx บาท/ปี)', '(สัมภาษณ์เกี่ยวกับค่าจ้าง/เงินเดือนที่นักศึกษาได้รับหลังได้รับเข้าทำงานหรือเทียบเคียงค่าจ้างในสายงานเดียวกันอ้างอิง)', '2025-08-24 01:44:04', '2025-08-24 01:44:04'),
(112, 120, '1', 'นักศึกษาจำนวน......คน ได้รับเข้าทำงานหลังฝึกสหกิจโดยมีรายได้..............บาท/ปี', '(เงินเดือน x จำนวนนักศึกษา x 12 เดือน = xxxxxx บาท/ปี)', '(สัมภาษณ์เกี่ยวกับค่าจ้าง/เงินเดือนที่นักศึกษาได้รับหลังได้รับเข้าทำงานหรือเทียบเคียงค่าจ้างในสายงานเดียวกันอ้างอิง)', '2025-08-24 01:49:54', '2025-08-24 01:49:54'),
(113, 121, '1', 'เงินรางวัล/ทุนสนับสนุน', 'จำนวน......บาท/ปี (คิดจากนักศึกษาทุกคน)', '(สัมภาษณ์ผู้ประกอบการ)', '2025-08-24 01:51:10', '2025-08-24 01:51:10'),
(114, 122, '1', 'สถานประกอบการมีรายได้เพิ่มขึ้น', '.......บาท/ปี (คิดจากผู้ประกอบการทุกราย)', '(สัมภาษณ์ผู้ประกอบการ)', '2025-08-24 01:52:28', '2025-08-24 01:52:28'),
(115, 123, '1', 'สถานประกอบการมีต้นทุนลดลง', '.......บาท/ปี (คิดจากผู้ประกอบการทุกราย)', '(สัมภาษณ์ผู้ประกอบการ)', '2025-08-24 01:53:45', '2025-08-24 01:53:45'),
(116, 124, '1', 'นักศึกษา/คณะ/มหาวิทยาลัยมีต้นทุนลดลง', '.......บาท/ปี (คิดจากรายการ)', '(สัมภาษณ์ผู้ประกอบการ)', '2025-08-24 02:00:45', '2025-08-24 02:00:45'),
(117, 125, '1', 'ค่าอบรมอาจารย์แบบเข้มข้น (Intensive Training)', 'จำนวน .......บาท/คน/ปี', '(สัมภาษณ์ผู้ใช้ประโยชน์ค่าใช้จ่ายในการฝึกอบรม หรืออัตราค่าใช้จ่ายในกรณีใกล้เคียงอ้างอิง)', '2025-08-24 02:02:43', '2025-08-24 02:02:43'),
(118, 125, '2', 'ค่าใช้จ่ายในการแก้ไขข้อบกพร่องจากการนิเทศที่ไม่ตรงเกณฑ์', 'จำนวน.......บาท/ปี', '(สัมภาษณ์ผู้ใช้ประโยชน์ค่าใช้จ่ายในการฝึกอบรม หรืออัตราค่าใช้จ่ายในกรณีใกล้เคียงอ้างอิง)', '2025-08-24 02:02:43', '2025-08-24 02:02:43'),
(119, 126, '1', 'มูลค่าการมีทักษะภาษาอังกฤษที่สูงขึ้น', 'ค่าใช้จ่ายสำหรับการซื้อคอร์สเรียนภาษาอังกฤษและเทคนิคการทำข้อสอบ (คิดจากนักศึกษาทุกคนที่สอบผ่านระดับที่สูงขึ้น)', '(สัมภาษณ์ผู้ใช้ประโยชน์ค่าใช้จ่ายในการซื้อคอร์ส หรืออัตราค่าใช้จ่ายในกรณีใกล้เคียงอ้างอิง)', '2025-08-24 02:04:17', '2025-08-24 02:04:17'),
(120, 127, '1', 'รายได้เพิ่มขึ้นจากการมีศักยภาพด้านภาษาอังกฤษที่เพิ่มขึ้น', 'เปรียบเทียบความแตกต่างระหว่างรายได้ผู้ที่สอบผ่าน และไม่สอบผ่าน = xxxxxxx บาทต่อปี (คิดจากนักศึกษาทุกคนที่มีรายได้เพิ่มขึ้น)', '(สัมภาษณ์ผู้ใช้ประโยชน์)', '2025-08-24 02:05:52', '2025-08-24 02:05:52'),
(121, 128, '1', 'รายได้สูงขึ้นจากการมีความรู้/ทักษะ', 'ทำให้มีรายได้จาก....................เพิ่มขึ้น จำนวน..........บาท/ปี', '(สัมภาษณ์ผู้ใช้ประโยชน์)', '2025-08-24 02:07:04', '2025-08-24 02:07:04'),
(122, 129, '1', 'รายได้เพิ่มขึ้นจากการเป็นผู้ประกอบการรุ่นใหม่', '', '(สัมภาษณ์ผู้ใช้ประโยชน์)', '2025-08-24 02:08:38', '2025-08-24 02:08:38'),
(123, 130, '1', 'มูลค่าเวลาการทำจิตอาสา', 'ค่าตอบแทนจากการทำกิจกรรมหากได้ค่าตอบแทน x จำนวนคน', '(สัมภาษณ์ผู้ใช้ประโยชน์ หรืออัตราค่าตอบแทนในกรณีใกล้เคียงอ้างอิง)', '2025-08-24 02:09:48', '2025-08-24 02:09:48'),
(124, 130, '2', 'ลดค่าใช้จ่ายสำหรับคอร์สฝึกอบรมทักษะต่างๆ', 'ค่าใช้จ่ายสำหรับคอร์สนั้นๆ ต่อคน x จำนวนคน', '(สัมภาษณ์ผู้ใช้ประโยชน์ หรืออัตราค่าตอบแทนในกรณีใกล้เคียงอ้างอิง)', '2025-08-24 02:11:55', '2025-08-24 02:11:55'),
(125, 131, '1', 'ค่าใช้จ่าย หรือ รายได้เพิ่มขึ้น จาก.......................... จำนวน......... บาท/ปี', '(จำนวนครัวเรือน x ค่าใช้จ่ายที่ลดลงหรือรายได้ที่เพิ่มขึ้นเฉลี่ยต่อครัวเรือน)', '(สัมภาษณ์ผู้ใช้ประโยชน์)', '2025-08-24 02:13:10', '2025-08-24 02:13:10'),
(126, 132, '1', 'งบประมาณที่ใช้ในการพัฒนา/ชดเชย/สนับสนุน ชุมชนลดลง', 'จำนวน.....บาท/ปี = (จำนวนครัวเรือนที่มีศักยภาพ x เงินสนับสนุน/ครัวเรือน)', '(สัมภาษณ์ผู้ใช้ประโยชน์ ข้อมูลงบประมาณกรณีเดียวกันหรือใกล้เคียง)', '2025-08-24 02:14:39', '2025-08-24 02:14:39'),
(127, 133, '1', '', '', '', '2025-08-24 02:17:47', '2025-08-24 02:17:47'),
(128, 134, '1', 'มูลค่าเวลาการทำจิตอาสา', 'ค่าตอบแทนจากการทำกิจกรรมหากได้ค่าตอบแทน x จำนวนคน', '(สัมภาษณ์ผู้ใช้ประโยชน์ หรืออัตราค่าตอบแทนในกรณีใกล้เคียงอ้างอิง)', '2025-08-24 02:19:45', '2025-08-24 02:19:45'),
(129, 134, '2', 'ลดค่าใช้จ่ายสำหรับคอร์สฝึกอบรมทักษะต่างๆ', 'ค่าใช้จ่ายสำหรับคอร์สนั้นๆ ต่อคน x จำนวนคน', '(สัมภาษณ์ผู้ใช้ประโยชน์ หรืออัตราค่าตอบแทนในกรณีใกล้เคียงอ้างอิง)', '2025-08-24 02:19:45', '2025-08-24 02:19:45'),
(130, 135, '1', 'ค่าใช้จ่ายในการแก้ปัญหาที่เกิดจากความเสียหายในการทำงาน', 'จำนวน....บาทต่อปี', '(สัมภาษณ์หรือเทียบเคียงค่าใช้จ่ายในการแก้ปัญหากรณีคล้ายกัน)', '2025-08-24 02:34:04', '2025-08-24 02:34:04'),
(131, 136, '1', 'ค่าใช้จ่ายในการแก้ปัญหาที่เกิดจากความเสียหายในการทำงาน', 'จำนวน....บาทต่อปี', '(สัมภาษณ์หรือเทียบเคียงค่าใช้จ่ายในการแก้ปัญหากรณีคล้ายกัน)', '2025-08-24 02:35:17', '2025-08-24 02:35:17'),
(132, 137, '1', 'ค่าใช้จ่ายในการแก้ปัญหาที่เกิดจากความเสียหายในการทำงาน', 'จำนวน....บาทต่อปี', '(สัมภาษณ์หรือเทียบเคียงค่าใช้จ่ายในการแก้ปัญหากรณีคล้ายกัน)', '2025-08-24 02:36:27', '2025-08-24 02:36:27'),
(133, 138, '1', 'รายได้จากค่าเทอมของนักศึกษาที่เพิ่มขึ้น', 'จำนวน......บาท/ปี', '', '2025-08-24 02:54:17', '2025-08-24 02:54:17'),
(134, 139, '1', 'มูลค่าทุนที่ได้รับการสนับสนุน', '', '(สัมภาษณ์)', '2025-08-24 02:55:39', '2025-08-24 02:55:39'),
(135, 140, '1', 'ค่าใช้จ่ายในการซ่อมบำรุงลดลง', 'จำนวน........บาท/ปี', '(สัมภาษณ์หรือเทียบเคียงค่าใช้จ่ายในการแก้ปัญหากรณีคล้ายกัน)', '2025-08-24 02:57:05', '2025-08-24 02:57:05'),
(136, 140, '2', 'ค่าใช้จ่ายลดลงจากการใช้ระบบทดแทน (เช่น พลังงานแสงอาทิตย์ เครื่องจักรแทนคน ระบบเช่าเหมา ฯลฯ)', 'จำนวน......บาท/ปี', '(สัมภาษณ์หรือเทียบเคียงค่าใช้จ่ายในการแก้ปัญหากรณีคล้ายกัน)', '2025-08-24 02:57:05', '2025-08-24 02:57:05'),
(137, 141, '1', 'ค่าใช้จ่ายในการจัดการการร้องเรียนต่างๆ', 'จำนวน......บาท/ปี', '(สัมภาษณ์หรือเทียบเคียงค่าใช้จ่ายในการแก้ปัญหากรณีคล้ายกัน)', '2025-08-24 03:00:01', '2025-08-24 03:00:01'),
(138, 142, '1', 'ค่าใช้จ่ายในการจัดหาวัสดุอุปกรณ์เพื่อให้เกิดประสิทธิภาพการเรียนการสอน', 'จำนวน.......บาท/ปี', '(สัมภาษณ์หรือเทียบเคียงค่าใช้จ่ายในการแก้ปัญหากรณีคล้ายกัน)', '2025-08-24 03:01:49', '2025-08-24 03:01:49'),
(139, 143, '1', 'รายได้จากค่าเทอมของนักศึกษาที่เพิ่มขึ้น', 'จำนวน......บาท/ปี', '(สัมภาษณ์)', '2025-08-24 03:02:42', '2025-08-24 03:02:42'),
(140, 144, '1', 'ค่าใช้จ่าย (ค่าน้ำ ค่าไฟ ค่าบำรุงรักษา ค่าซ่อมแซม) ลดลง', '.........บาท/ปี', '(สัมภาษณ์)', '2025-08-24 03:03:36', '2025-08-24 03:03:36'),
(141, 145, '1', 'ค่าใช้จ่าย/งบประมาณในการจัดการสิ่งแวดล้อมให้ดีขึ้นลดลง', 'จำนวน......บาท/ปี', '(สัมภาษณ์หรือเทียบเคียงค่าใช้จ่ายในการแก้ปัญหากรณีคล้ายกัน)', '2025-08-24 03:04:50', '2025-08-24 03:04:50'),
(142, 146, '1', 'ค่าใช้จ่ายในการรักษาโรคลดลง (โรคระบบหายใจที่ลดลง โรคระบาดต่างๆ)', 'จำนวน......บาท/ปี', '(สัมภาษณ์หรือเทียบเคียงค่าใช้จ่ายในการแก้ปัญหากรณีคล้ายกัน)', '2025-08-24 03:05:50', '2025-08-24 03:05:50'),
(143, 147, '1', 'ค่าสาธารณูปโภคลดลง', 'จำนวน.....บาท/ปี', '(สัมภาษณ์)', '2025-08-24 03:06:56', '2025-08-24 03:06:56'),
(144, 148, '1', 'จำนวนเงินรางวัล', 'จำนวน......บาท/ปี', '(สัมภาษณ์)', '2025-08-24 03:08:24', '2025-08-24 03:08:24'),
(145, 149, '1', 'จำนวนงบประมาณที่ได้รับ', '.......บาท/ปี', '(สัมภาษณ์)', '2025-08-24 03:09:57', '2025-08-24 03:09:57'),
(146, 150, '1', 'ลดค่าใช้จ่ายในการประชาสัมพันธ์', 'จำนวน......บาท/ปี', '', '2025-08-24 03:10:47', '2025-08-24 03:10:47');

--
-- Triggers `proxies`
--
DELIMITER $$
CREATE TRIGGER `audit_proxies_insert` AFTER INSERT ON `proxies` FOR EACH ROW BEGIN
    INSERT INTO audit_logs (table_name, record_id, action, new_values, user_id, timestamp)
    VALUES ('proxies', NEW.proxy_id, 'INSERT', JSON_OBJECT(
        'outcome_id', NEW.outcome_id,
        'proxy_sequence', NEW.proxy_sequence,
        'proxy_name', NEW.proxy_name,
        'calculation_formula', NEW.calculation_formula
    ), NULL, NOW());
END
$$
DELIMITER ;
DELIMITER $$
CREATE TRIGGER `audit_proxies_update` AFTER UPDATE ON `proxies` FOR EACH ROW BEGIN
    IF OLD.proxy_name != NEW.proxy_name OR 
       OLD.calculation_formula != NEW.calculation_formula OR 
       OLD.proxy_description != NEW.proxy_description THEN
        INSERT INTO audit_logs (table_name, record_id, action, old_values, new_values, user_id, timestamp)
        VALUES ('proxies', NEW.proxy_id, 'UPDATE', 
            JSON_OBJECT(
                'proxy_name', OLD.proxy_name, 
                'calculation_formula', OLD.calculation_formula,
                'proxy_description', OLD.proxy_description
            ),
            JSON_OBJECT(
                'proxy_name', NEW.proxy_name, 
                'calculation_formula', NEW.calculation_formula,
                'proxy_description', NEW.proxy_description
            ),
            NULL, NOW());
    END IF;
END
$$
DELIMITER ;

-- --------------------------------------------------------

--
-- Table structure for table `pvf_sets`
--

CREATE TABLE `pvf_sets` (
  `set_id` int(11) NOT NULL,
  `set_name` varchar(100) NOT NULL COMMENT 'ชื่อชุดข้อมูล PVF',
  `description` text DEFAULT NULL COMMENT 'รายละเอียดชุดข้อมูล',
  `discount_rate` decimal(5,2) NOT NULL COMMENT 'อัตราคิดลดร้อยละ',
  `total_years` int(11) NOT NULL DEFAULT 6 COMMENT 'จำนวนปีทั้งหมด',
  `created_by` int(11) DEFAULT NULL COMMENT 'ผู้สร้างข้อมูล',
  `created_at` timestamp NOT NULL DEFAULT current_timestamp(),
  `updated_at` timestamp NOT NULL DEFAULT current_timestamp() ON UPDATE current_timestamp(),
  `is_active` tinyint(1) DEFAULT 1 COMMENT 'สถานะการใช้งาน',
  `is_default` tinyint(1) DEFAULT 0 COMMENT 'เป็นชุดข้อมูลเริ่มต้นหรือไม่'
) ENGINE=InnoDB DEFAULT CHARSET=utf8mb4 COLLATE=utf8mb4_unicode_ci COMMENT='ตารางเก็บชุดข้อมูล Present Value Factor';

--
-- Dumping data for table `pvf_sets`
--

INSERT INTO `pvf_sets` (`set_id`, `set_name`, `description`, `discount_rate`, `total_years`, `created_by`, `created_at`, `updated_at`, `is_active`, `is_default`) VALUES
(1, 'current', NULL, 2.00, 6, NULL, '2025-08-13 16:06:19', '2025-08-13 16:06:19', 1, 1),
(2, 'current', NULL, 2.00, 6, NULL, '2025-08-13 16:12:06', '2025-08-13 16:12:06', 1, 1),
(3, 'current', NULL, 2.50, 6, NULL, '2025-08-13 16:25:38', '2025-08-13 16:25:38', 1, 1);

-- --------------------------------------------------------

--
-- Table structure for table `social_impact_pathway`
--

CREATE TABLE `social_impact_pathway` (
  `pathway_id` int(11) NOT NULL,
  `project_id` int(11) NOT NULL COMMENT 'รหัสโครงการ',
  `pathway_sequence` varchar(10) NOT NULL COMMENT 'ลำดับของห่วงโซ่',
  `input_description` text DEFAULT NULL COMMENT 'ปัจจัยนำเข้า (Input)',
  `input_amount` decimal(15,2) DEFAULT NULL COMMENT 'จำนวนปัจจัยนำเข้า',
  `input_unit` varchar(100) DEFAULT NULL COMMENT 'หน่วยของปัจจัยนำเข้า',
  `activities_description` text DEFAULT NULL COMMENT 'กิจกรรม (Activities)',
  `activity_id` int(11) DEFAULT NULL COMMENT 'รหัสกิจกรรมที่เกี่ยวข้อง',
  `output_description` text DEFAULT NULL COMMENT 'ผลผลิต (Output)',
  `output_id` int(11) DEFAULT NULL COMMENT 'รหัสผลผลิตที่เกี่ยวข้อง',
  `output_quantity` int(11) DEFAULT NULL COMMENT 'จำนวนผลผลิต',
  `output_unit` varchar(100) DEFAULT NULL COMMENT 'หน่วยผลผลิต',
  `user_description` text DEFAULT NULL COMMENT 'ผู้ใช้ประโยชน์ (User)',
  `user_type` varchar(200) DEFAULT NULL COMMENT 'ประเภทผู้ใช้ประโยชน์',
  `user_quantity` int(11) DEFAULT NULL COMMENT 'จำนวนผู้ใช้ประโยชน์',
  `adoption_description` text DEFAULT NULL COMMENT 'การนำไปใช้ (Adoption)',
  `adoption_rate` decimal(5,2) DEFAULT NULL COMMENT 'อัตราการนำไปใช้ (%)',
  `adoption_method` text DEFAULT NULL COMMENT 'วิธีการนำไปใช้',
  `outcome_description` text DEFAULT NULL COMMENT 'ผลลัพธ์ (Outcome)',
  `outcome_id` int(11) DEFAULT NULL COMMENT 'รหัสผลลัพธ์ที่เกี่ยวข้อง',
  `outcome_value` decimal(15,2) DEFAULT NULL COMMENT 'มูลค่าผลลัพธ์',
  `outcome_unit` varchar(100) DEFAULT NULL COMMENT 'หน่วยผลลัพธ์',
  `impact_description` text DEFAULT NULL COMMENT 'ผลกระทบ (Impact)',
  `selected_outcome` int(11) DEFAULT NULL,
  `outcome_details` text DEFAULT NULL,
  `evaluation_year` varchar(10) DEFAULT NULL,
  `benefit_data` text DEFAULT NULL,
  `impact_type` enum('positive','negative') DEFAULT 'positive' COMMENT 'ประเภทผลกระทบ',
  `impact_category` enum('social','economic','environmental','educational','health') DEFAULT 'social' COMMENT 'หมวดหมู่ผลกระทบ',
  `impact_value` decimal(15,2) DEFAULT NULL COMMENT 'มูลค่าผลกระทบ',
  `impact_unit` varchar(100) DEFAULT NULL COMMENT 'หน่วยผลกระทบ',
  `measurement_period` varchar(50) DEFAULT NULL COMMENT 'ช่วงเวลาการวัด',
  `data_source` varchar(200) DEFAULT NULL COMMENT 'แหล่งข้อมูล',
  `assumptions` text DEFAULT NULL COMMENT 'สมมติฐาน',
  `risks` text DEFAULT NULL COMMENT 'ความเสี่ยง',
  `verification_method` text DEFAULT NULL COMMENT 'วิธีการตรวจสอบ',
  `notes` text DEFAULT NULL COMMENT 'หมายเหตุ',
  `created_by` varchar(100) DEFAULT NULL COMMENT 'ผู้สร้าง',
  `created_at` timestamp NOT NULL DEFAULT current_timestamp(),
  `updated_at` timestamp NOT NULL DEFAULT current_timestamp() ON UPDATE current_timestamp()
) ENGINE=InnoDB DEFAULT CHARSET=utf8mb4 COLLATE=utf8mb4_unicode_ci COMMENT='ตารางเก็บข้อมูลห่วงโซ่ผลกระทบทางสังคม (Social Impact Pathway)';

-- --------------------------------------------------------

--
-- Table structure for table `strategies`
--

CREATE TABLE `strategies` (
  `strategy_id` int(11) NOT NULL,
  `strategy_code` varchar(50) NOT NULL,
  `strategy_name` varchar(255) NOT NULL,
  `description` text DEFAULT NULL,
  `created_at` timestamp NOT NULL DEFAULT current_timestamp()
) ENGINE=InnoDB DEFAULT CHARSET=utf8mb4 COLLATE=utf8mb4_general_ci;

--
-- Dumping data for table `strategies`
--

INSERT INTO `strategies` (`strategy_id`, `strategy_code`, `strategy_name`, `description`, `created_at`) VALUES
(1, 'ยุทธศาสตร์ที่ 1', 'พัฒนาท้องถิ่น', 'ยุทธศาสตร์การพัฒนาท้องถิ่นแบบบูรณาการ', '2025-08-01 03:58:14'),
(2, 'ยุทธศาสตร์ที่ 2', 'ผลิตและพัฒนาครู', 'พัฒนาครูและบุคลากรทางการศึกษา', '2025-08-01 03:58:14'),
(3, 'ยุทธศาสตร์ที่ 3', 'ยกระดับคุณภาพการศึกษา', 'ยกระดับคุณภาพการศึกษาแบบบูรณาการ', '2025-08-22 15:55:47'),
(4, 'ยุทธศาสตร์ที่ 4', 'พัฒนาระบบบริหารจัดการ', 'พัฒนาระบบบริหารจัดการแบบบูรณาการ', '2025-08-22 15:55:47');

-- --------------------------------------------------------

--
-- Table structure for table `system_logs`
--

CREATE TABLE `system_logs` (
  `id` int(11) NOT NULL,
  `log_level` enum('DEBUG','INFO','WARNING','ERROR','CRITICAL') DEFAULT 'INFO' COMMENT 'ระดับ log',
  `module` varchar(100) DEFAULT NULL COMMENT 'โมดูลที่เกิดเหตุการณ์',
  `message` text NOT NULL COMMENT 'ข้อความ',
  `context` longtext CHARACTER SET utf8mb4 COLLATE utf8mb4_bin DEFAULT NULL COMMENT 'ข้อมูลบริบท' CHECK (json_valid(`context`)),
  `user_id` int(11) DEFAULT NULL COMMENT 'ผู้ใช้ที่เกี่ยวข้อง',
  `project_id` int(11) DEFAULT NULL COMMENT 'โครงการที่เกี่ยวข้อง',
  `ip_address` varchar(45) DEFAULT NULL,
  `timestamp` timestamp NOT NULL DEFAULT current_timestamp()
) ENGINE=InnoDB DEFAULT CHARSET=utf8mb4 COLLATE=utf8mb4_unicode_ci COMMENT='ตารางบันทึกระบบ';

--
-- Dumping data for table `system_logs`
--

INSERT INTO `system_logs` (`id`, `log_level`, `module`, `message`, `context`, `user_id`, `project_id`, `ip_address`, `timestamp`) VALUES
(1, 'INFO', 'PROJECT', 'สร้างโครงการใหม่: การสร้างทักษะการเรียนรู้ด้วย React Native สำหรับครูและบุคลากรทางการศึกษา (รหัส: 681234587)', NULL, 5, 8, NULL, '2025-08-09 07:32:27'),
(2, 'INFO', 'PROJECT', 'ลบโครงการ: ส่งเสริมการปลูกผักปลอดสารพิษด้วยระบบน้ำพลังงานแสงอาทิตย์และเกษตรอัจฉริยะ (ID: 7)', NULL, 3, NULL, NULL, '2025-08-16 12:18:34'),
(3, 'INFO', 'PROJECT', 'ลบโครงการ: โครงการพัฒนาศูนย์การเรียนรู้ด้านพลังงานเพื่อการพัฒนาการบริหารจัดการทรัพยากรชุมชนอย่าง (ID: 4)', NULL, 3, NULL, NULL, '2025-08-16 12:18:39'),
(4, 'INFO', 'PROJECT', 'ลบโครงการ: การพัฒนานวัตกรการศึกษาด้วย Mobile Application: เสริมสร้างทักษะการสร้างแอปพลิเคชันการเรียนรู้ด้วย React Native (ID: 3)', NULL, 3, NULL, NULL, '2025-08-16 12:18:49'),
(5, 'INFO', 'PROJECT', 'สร้างโครงการใหม่: การพัฒนานวัตกรการศึกษาด้วย Mobile Application: เสริมสร้างทักษะการสร้างแอปพลิเคชันการเรียนรู้ด้วย React Native (รหัส: 681234567)', NULL, 5, 1, NULL, '2025-08-16 12:22:45'),
(6, 'INFO', 'PROJECT', 'สร้างโครงการใหม่: พัฒนาศูนย์เรียนรู้ผู้สูงอายุ (รหัส: 681234568)', NULL, 3, 2, NULL, '2025-08-20 04:26:07'),
(7, 'INFO', 'PROJECT', 'สร้างโครงการใหม่: การพัฒนานวัตกรสำหรับนักศึกษาสาขาวิชาวิศวกรรมไฟฟ้า (รหัส: 681234569)', NULL, 7, 3, NULL, '2025-08-24 03:34:22');

-- --------------------------------------------------------

--
-- Table structure for table `users`
--

CREATE TABLE `users` (
  `id` int(11) NOT NULL,
  `username` varchar(100) NOT NULL COMMENT 'ชื่อผู้ใช้',
  `email` varchar(200) NOT NULL COMMENT 'อีเมล',
  `password_hash` varchar(255) NOT NULL COMMENT 'รหัสผ่านที่เข้ารหัส',
  `first_name` varchar(100) DEFAULT NULL COMMENT 'ชื่อ',
  `last_name` varchar(100) DEFAULT NULL COMMENT 'นามสกุล',
  `full_name_th` varchar(200) DEFAULT NULL COMMENT 'ชื่อ-นามสกุล ภาษาไทย',
  `title` varchar(50) DEFAULT NULL COMMENT 'คำนำหน้า',
  `position` varchar(200) DEFAULT NULL COMMENT 'ตำแหน่ง',
  `department` varchar(200) DEFAULT NULL COMMENT 'แผนก/หน่วยงาน',
  `organization` varchar(300) DEFAULT NULL COMMENT 'องค์กร',
  `phone` varchar(20) DEFAULT NULL COMMENT 'เบอร์โทรศัพท์',
  `role` enum('admin','teacher') NOT NULL DEFAULT 'teacher' COMMENT 'บทบาทผู้ใช้',
  `is_active` tinyint(1) DEFAULT 1 COMMENT 'สถานะการใช้งาน',
  `email_verified` tinyint(1) DEFAULT 0 COMMENT 'ยืนยันอีเมลแล้ว',
  `last_login` timestamp NULL DEFAULT NULL COMMENT 'เข้าสู่ระบบครั้งล่าสุด',
  `login_count` int(11) DEFAULT 0 COMMENT 'จำนวนครั้งที่เข้าสู่ระบบ',
  `created_at` timestamp NOT NULL DEFAULT current_timestamp(),
  `updated_at` timestamp NOT NULL DEFAULT current_timestamp() ON UPDATE current_timestamp(),
  `created_by` varchar(100) DEFAULT NULL COMMENT 'ผู้สร้างบัญชี'
) ENGINE=InnoDB DEFAULT CHARSET=utf8mb4 COLLATE=utf8mb4_unicode_ci COMMENT='ตารางเก็บข้อมูลผู้ใช้งาน';

--
-- Dumping data for table `users`
--

INSERT INTO `users` (`id`, `username`, `email`, `password_hash`, `first_name`, `last_name`, `full_name_th`, `title`, `position`, `department`, `organization`, `phone`, `role`, `is_active`, `email_verified`, `last_login`, `login_count`, `created_at`, `updated_at`, `created_by`) VALUES
(3, 'sunksun.lap', 'sunksun.lap@lru.ac.th', '$2y$10$8uas62T9NwlsSlIYJmU15.svZQYZcnz9jYc6PmocsJsPMm5.NndPm', NULL, NULL, 'นายสังสรรค์ หล้าพันธ์', NULL, NULL, 'คณะวิทยาศาสตร์และเทคโนโลยี', NULL, NULL, 'teacher', 1, 0, NULL, 0, '2025-07-30 16:33:27', '2025-07-30 16:33:27', NULL),
(5, 'manuttra.san', 'manuttra.san@lru.ac.th', '$2y$10$AW.YIZqZD62eL5y3SQhqLOlHawfp1kL4tkwNFvVxYp6u4XMk0YnZK', NULL, NULL, 'มานัตตา แสงสุวรรณ', NULL, NULL, 'คณะครุศาสตร์', NULL, NULL, 'teacher', 1, 0, NULL, 0, '2025-08-09 07:30:25', '2025-08-09 07:30:25', NULL),
(6, 'test', 'test@test.com', '$2y$10$92IXUNpkjO0rOQ5byMi.Ye4oKoEa3Ro9llC/.og/at2.uheWG/igi', NULL, NULL, 'ผู้ใช้ทดสอบ', NULL, NULL, NULL, NULL, NULL, 'teacher', 1, 0, NULL, 0, '2025-08-16 14:41:34', '2025-08-16 14:41:34', NULL),
(7, 'admin.tec', 'jaruwan.lak@gmail.com', '$2y$10$VrbvEk1AB6g1biFb2SZx6egrIw67KdW/MsTqadK70RLpQYiXZf4lK', NULL, NULL, 'สุกัญญา มาสาย', NULL, NULL, 'คณะเทคโนโลยีอุตสาหกรรม', NULL, NULL, 'teacher', 1, 0, NULL, 0, '2025-08-24 03:32:31', '2025-08-24 03:32:31', NULL);

-- --------------------------------------------------------

--
-- Table structure for table `years`
--

CREATE TABLE `years` (
  `year_id` int(11) NOT NULL,
  `year_be` varchar(10) NOT NULL COMMENT 'ปี พ.ศ. เช่น 2567, 2568',
  `year_ad` int(11) NOT NULL COMMENT 'ปี ค.ศ. เช่น 2024, 2025',
  `year_display` varchar(50) NOT NULL COMMENT 'ชื่อปีที่แสดง เช่น 2567, 25xx',
  `year_description` varchar(200) DEFAULT NULL COMMENT 'รายละเอียดปี',
  `is_active` tinyint(1) DEFAULT 1 COMMENT 'สถานะการใช้งาน',
  `sort_order` int(11) DEFAULT 0 COMMENT 'ลำดับการแสดงผล',
  `created_at` timestamp NOT NULL DEFAULT current_timestamp(),
  `updated_at` timestamp NOT NULL DEFAULT current_timestamp() ON UPDATE current_timestamp()
) ENGINE=InnoDB DEFAULT CHARSET=utf8mb4 COLLATE=utf8mb4_unicode_ci COMMENT='ตารางเก็บข้อมูลปี พ.ศ.';

--
-- Dumping data for table `years`
--

INSERT INTO `years` (`year_id`, `year_be`, `year_ad`, `year_display`, `year_description`, `is_active`, `sort_order`, `created_at`, `updated_at`) VALUES
(1, '2567', 2024, '2567', 'ปี พ.ศ. 2567 (ค.ศ. 2024)', 1, 1, '2025-08-07 06:22:36', '2025-08-07 06:22:36'),
(2, '2568', 2025, '2568', 'ปี พ.ศ. 2568 (ค.ศ. 2025)', 1, 2, '2025-08-07 06:22:36', '2025-08-07 06:22:36'),
(3, '2569', 2026, '2569', 'ปี พ.ศ. 2569 (ค.ศ. 2026)', 1, 3, '2025-08-07 06:22:36', '2025-08-07 06:22:36'),
(4, '2570', 2027, '2570', 'ปี พ.ศ. 2570 (ค.ศ. 2027)', 1, 4, '2025-08-07 06:22:36', '2025-08-07 06:22:36');

--
-- Indexes for dumped tables
--

--
-- Indexes for table `activities`
--
ALTER TABLE `activities`
  ADD PRIMARY KEY (`activity_id`),
  ADD KEY `strategy_id` (`strategy_id`);

--
-- Indexes for table `audit_logs`
--
ALTER TABLE `audit_logs`
  ADD PRIMARY KEY (`id`),
  ADD KEY `idx_table_record` (`table_name`,`record_id`),
  ADD KEY `idx_user_action` (`user_id`,`action`),
  ADD KEY `idx_timestamp` (`timestamp`),
  ADD KEY `idx_action` (`action`);

--
-- Indexes for table `impact_chains`
--
ALTER TABLE `impact_chains`
  ADD PRIMARY KEY (`id`),
  ADD KEY `activity_id` (`activity_id`),
  ADD KEY `idx_project_chains` (`project_id`,`status`),
  ADD KEY `idx_chain_sequence` (`project_id`,`sequence_order`);

--
-- Indexes for table `impact_chain_activities`
--
ALTER TABLE `impact_chain_activities`
  ADD PRIMARY KEY (`id`),
  ADD KEY `activity_id` (`activity_id`),
  ADD KEY `idx_chain_activities` (`impact_chain_id`);

--
-- Indexes for table `impact_chain_outcomes`
--
ALTER TABLE `impact_chain_outcomes`
  ADD PRIMARY KEY (`id`),
  ADD KEY `outcome_id` (`outcome_id`),
  ADD KEY `idx_chain_outcomes` (`impact_chain_id`);

--
-- Indexes for table `impact_chain_outputs`
--
ALTER TABLE `impact_chain_outputs`
  ADD PRIMARY KEY (`id`),
  ADD KEY `output_id` (`output_id`),
  ADD KEY `idx_chain_outputs` (`impact_chain_id`);

--
-- Indexes for table `impact_chain_ratios`
--
ALTER TABLE `impact_chain_ratios`
  ADD PRIMARY KEY (`id`),
  ADD UNIQUE KEY `unique_chain_outcome` (`impact_chain_id`,`outcome_id`),
  ADD KEY `outcome_id` (`outcome_id`),
  ADD KEY `idx_chain_ratios` (`impact_chain_id`);

--
-- Indexes for table `outcomes`
--
ALTER TABLE `outcomes`
  ADD PRIMARY KEY (`outcome_id`),
  ADD KEY `idx_output_id` (`output_id`);

--
-- Indexes for table `outputs`
--
ALTER TABLE `outputs`
  ADD PRIMARY KEY (`output_id`),
  ADD KEY `activity_id` (`activity_id`);

--
-- Indexes for table `present_value_factors`
--
ALTER TABLE `present_value_factors`
  ADD PRIMARY KEY (`pvf_id`),
  ADD UNIQUE KEY `unique_pvf_entry` (`pvf_name`,`year_id`,`time_period`),
  ADD KEY `idx_pvf_name` (`pvf_name`),
  ADD KEY `idx_discount_rate` (`discount_rate`),
  ADD KEY `idx_year_id` (`year_id`),
  ADD KEY `idx_time_period` (`time_period`),
  ADD KEY `idx_created_by` (`created_by`),
  ADD KEY `idx_is_active` (`is_active`);

--
-- Indexes for table `projects`
--
ALTER TABLE `projects`
  ADD PRIMARY KEY (`id`),
  ADD UNIQUE KEY `project_code` (`project_code`),
  ADD KEY `idx_project_code` (`project_code`),
  ADD KEY `idx_status` (`status`),
  ADD KEY `idx_date_range` (`start_date`,`end_date`),
  ADD KEY `idx_organization` (`organization`),
  ADD KEY `idx_project_status_date` (`status`,`start_date`,`end_date`),
  ADD KEY `idx_projects_impact_chain_status` (`impact_chain_status`(768)),
  ADD KEY `idx_current_chain` (`current_chain_id`);

--
-- Indexes for table `project_activities`
--
ALTER TABLE `project_activities`
  ADD PRIMARY KEY (`id`),
  ADD KEY `idx_project_id` (`project_id`),
  ADD KEY `idx_activity_id` (`activity_id`);

--
-- Indexes for table `project_costs`
--
ALTER TABLE `project_costs`
  ADD PRIMARY KEY (`id`),
  ADD KEY `idx_project_id` (`project_id`),
  ADD KEY `idx_created_by` (`created_by`);

--
-- Indexes for table `project_impact_ratios`
--
ALTER TABLE `project_impact_ratios`
  ADD PRIMARY KEY (`id`),
  ADD UNIQUE KEY `unique_project_benefit` (`project_id`,`benefit_number`);

--
-- Indexes for table `project_outcomes`
--
ALTER TABLE `project_outcomes`
  ADD PRIMARY KEY (`id`),
  ADD UNIQUE KEY `unique_project_outcome` (`project_id`,`outcome_id`),
  ADD KEY `outcome_id` (`outcome_id`);

--
-- Indexes for table `project_outputs`
--
ALTER TABLE `project_outputs`
  ADD PRIMARY KEY (`id`),
  ADD KEY `idx_project_id` (`project_id`),
  ADD KEY `idx_output_id` (`output_id`);

--
-- Indexes for table `project_strategies`
--
ALTER TABLE `project_strategies`
  ADD PRIMARY KEY (`id`),
  ADD KEY `idx_project_id` (`project_id`),
  ADD KEY `idx_strategy_id` (`strategy_id`);

--
-- Indexes for table `project_with_without`
--
ALTER TABLE `project_with_without`
  ADD PRIMARY KEY (`id`),
  ADD KEY `idx_project_id` (`project_id`);

--
-- Indexes for table `proxies`
--
ALTER TABLE `proxies`
  ADD PRIMARY KEY (`proxy_id`),
  ADD KEY `idx_outcome_id` (`outcome_id`),
  ADD KEY `idx_proxy_sequence` (`proxy_sequence`),
  ADD KEY `idx_outcome_sequence` (`outcome_id`,`proxy_sequence`);

--
-- Indexes for table `pvf_sets`
--
ALTER TABLE `pvf_sets`
  ADD PRIMARY KEY (`set_id`),
  ADD KEY `idx_set_name` (`set_name`),
  ADD KEY `idx_discount_rate` (`discount_rate`),
  ADD KEY `idx_created_by` (`created_by`),
  ADD KEY `idx_is_active` (`is_active`),
  ADD KEY `idx_is_default` (`is_default`);

--
-- Indexes for table `social_impact_pathway`
--
ALTER TABLE `social_impact_pathway`
  ADD PRIMARY KEY (`pathway_id`),
  ADD KEY `idx_project_id` (`project_id`),
  ADD KEY `idx_activity_id` (`activity_id`),
  ADD KEY `idx_output_id` (`output_id`),
  ADD KEY `idx_outcome_id` (`outcome_id`),
  ADD KEY `idx_impact_category` (`impact_category`);

--
-- Indexes for table `strategies`
--
ALTER TABLE `strategies`
  ADD PRIMARY KEY (`strategy_id`);

--
-- Indexes for table `system_logs`
--
ALTER TABLE `system_logs`
  ADD PRIMARY KEY (`id`),
  ADD KEY `idx_level` (`log_level`),
  ADD KEY `idx_module` (`module`),
  ADD KEY `idx_user` (`user_id`),
  ADD KEY `idx_project` (`project_id`),
  ADD KEY `idx_timestamp` (`timestamp`);

--
-- Indexes for table `users`
--
ALTER TABLE `users`
  ADD PRIMARY KEY (`id`),
  ADD UNIQUE KEY `username` (`username`),
  ADD UNIQUE KEY `email` (`email`),
  ADD KEY `idx_username` (`username`),
  ADD KEY `idx_email` (`email`),
  ADD KEY `idx_role` (`role`),
  ADD KEY `idx_organization` (`organization`),
  ADD KEY `idx_active` (`is_active`);

--
-- Indexes for table `years`
--
ALTER TABLE `years`
  ADD PRIMARY KEY (`year_id`),
  ADD UNIQUE KEY `year_be` (`year_be`),
  ADD KEY `idx_year_active` (`is_active`),
  ADD KEY `idx_sort_order` (`sort_order`);

--
-- AUTO_INCREMENT for dumped tables
--

--
-- AUTO_INCREMENT for table `activities`
--
ALTER TABLE `activities`
  MODIFY `activity_id` int(11) NOT NULL AUTO_INCREMENT, AUTO_INCREMENT=46;

--
-- AUTO_INCREMENT for table `audit_logs`
--
ALTER TABLE `audit_logs`
  MODIFY `id` int(11) NOT NULL AUTO_INCREMENT, AUTO_INCREMENT=68;

--
-- AUTO_INCREMENT for table `impact_chains`
--
ALTER TABLE `impact_chains`
  MODIFY `id` int(11) NOT NULL AUTO_INCREMENT, AUTO_INCREMENT=42;

--
-- AUTO_INCREMENT for table `impact_chain_activities`
--
ALTER TABLE `impact_chain_activities`
  MODIFY `id` int(11) NOT NULL AUTO_INCREMENT, AUTO_INCREMENT=37;

--
-- AUTO_INCREMENT for table `impact_chain_outcomes`
--
ALTER TABLE `impact_chain_outcomes`
  MODIFY `id` int(11) NOT NULL AUTO_INCREMENT, AUTO_INCREMENT=39;

--
-- AUTO_INCREMENT for table `impact_chain_outputs`
--
ALTER TABLE `impact_chain_outputs`
  MODIFY `id` int(11) NOT NULL AUTO_INCREMENT, AUTO_INCREMENT=63;

--
-- AUTO_INCREMENT for table `impact_chain_ratios`
--
ALTER TABLE `impact_chain_ratios`
  MODIFY `id` int(11) NOT NULL AUTO_INCREMENT, AUTO_INCREMENT=41;

--
-- AUTO_INCREMENT for table `outcomes`
--
ALTER TABLE `outcomes`
  MODIFY `outcome_id` int(11) NOT NULL AUTO_INCREMENT, AUTO_INCREMENT=151;

--
-- AUTO_INCREMENT for table `outputs`
--
ALTER TABLE `outputs`
  MODIFY `output_id` int(11) NOT NULL AUTO_INCREMENT, AUTO_INCREMENT=74;

--
-- AUTO_INCREMENT for table `present_value_factors`
--
ALTER TABLE `present_value_factors`
  MODIFY `pvf_id` int(11) NOT NULL AUTO_INCREMENT, AUTO_INCREMENT=39;

--
-- AUTO_INCREMENT for table `projects`
--
ALTER TABLE `projects`
  MODIFY `id` int(11) NOT NULL AUTO_INCREMENT, AUTO_INCREMENT=4;

--
-- AUTO_INCREMENT for table `project_activities`
--
ALTER TABLE `project_activities`
  MODIFY `id` int(11) NOT NULL AUTO_INCREMENT;

--
-- AUTO_INCREMENT for table `project_costs`
--
ALTER TABLE `project_costs`
  MODIFY `id` int(11) NOT NULL AUTO_INCREMENT;

--
-- AUTO_INCREMENT for table `project_impact_ratios`
--
ALTER TABLE `project_impact_ratios`
  MODIFY `id` int(11) NOT NULL AUTO_INCREMENT;

--
-- AUTO_INCREMENT for table `project_outcomes`
--
ALTER TABLE `project_outcomes`
  MODIFY `id` int(11) NOT NULL AUTO_INCREMENT;

--
-- AUTO_INCREMENT for table `project_outputs`
--
ALTER TABLE `project_outputs`
  MODIFY `id` int(11) NOT NULL AUTO_INCREMENT;

--
-- AUTO_INCREMENT for table `project_strategies`
--
ALTER TABLE `project_strategies`
  MODIFY `id` int(11) NOT NULL AUTO_INCREMENT;

--
-- AUTO_INCREMENT for table `project_with_without`
--
ALTER TABLE `project_with_without`
  MODIFY `id` int(11) NOT NULL AUTO_INCREMENT;

--
-- AUTO_INCREMENT for table `proxies`
--
ALTER TABLE `proxies`
  MODIFY `proxy_id` int(11) NOT NULL AUTO_INCREMENT, AUTO_INCREMENT=147;

--
-- AUTO_INCREMENT for table `pvf_sets`
--
ALTER TABLE `pvf_sets`
  MODIFY `set_id` int(11) NOT NULL AUTO_INCREMENT, AUTO_INCREMENT=4;

--
-- AUTO_INCREMENT for table `social_impact_pathway`
--
ALTER TABLE `social_impact_pathway`
  MODIFY `pathway_id` int(11) NOT NULL AUTO_INCREMENT;

--
-- AUTO_INCREMENT for table `strategies`
--
ALTER TABLE `strategies`
  MODIFY `strategy_id` int(11) NOT NULL AUTO_INCREMENT, AUTO_INCREMENT=5;

--
-- AUTO_INCREMENT for table `system_logs`
--
ALTER TABLE `system_logs`
  MODIFY `id` int(11) NOT NULL AUTO_INCREMENT, AUTO_INCREMENT=8;

--
-- AUTO_INCREMENT for table `users`
--
ALTER TABLE `users`
  MODIFY `id` int(11) NOT NULL AUTO_INCREMENT, AUTO_INCREMENT=8;

--
-- AUTO_INCREMENT for table `years`
--
ALTER TABLE `years`
  MODIFY `year_id` int(11) NOT NULL AUTO_INCREMENT, AUTO_INCREMENT=7;

--
-- Constraints for dumped tables
--

--
-- Constraints for table `activities`
--
ALTER TABLE `activities`
  ADD CONSTRAINT `activities_ibfk_1` FOREIGN KEY (`strategy_id`) REFERENCES `strategies` (`strategy_id`) ON DELETE CASCADE;

--
-- Constraints for table `impact_chains`
--
ALTER TABLE `impact_chains`
  ADD CONSTRAINT `impact_chains_ibfk_1` FOREIGN KEY (`project_id`) REFERENCES `projects` (`id`) ON DELETE CASCADE,
  ADD CONSTRAINT `impact_chains_ibfk_2` FOREIGN KEY (`activity_id`) REFERENCES `activities` (`activity_id`);

--
-- Constraints for table `impact_chain_activities`
--
ALTER TABLE `impact_chain_activities`
  ADD CONSTRAINT `impact_chain_activities_ibfk_1` FOREIGN KEY (`impact_chain_id`) REFERENCES `impact_chains` (`id`) ON DELETE CASCADE,
  ADD CONSTRAINT `impact_chain_activities_ibfk_2` FOREIGN KEY (`activity_id`) REFERENCES `activities` (`activity_id`);

--
-- Constraints for table `impact_chain_outcomes`
--
ALTER TABLE `impact_chain_outcomes`
  ADD CONSTRAINT `impact_chain_outcomes_ibfk_1` FOREIGN KEY (`impact_chain_id`) REFERENCES `impact_chains` (`id`) ON DELETE CASCADE,
  ADD CONSTRAINT `impact_chain_outcomes_ibfk_2` FOREIGN KEY (`outcome_id`) REFERENCES `outcomes` (`outcome_id`);

--
-- Constraints for table `impact_chain_outputs`
--
ALTER TABLE `impact_chain_outputs`
  ADD CONSTRAINT `impact_chain_outputs_ibfk_1` FOREIGN KEY (`impact_chain_id`) REFERENCES `impact_chains` (`id`) ON DELETE CASCADE,
  ADD CONSTRAINT `impact_chain_outputs_ibfk_2` FOREIGN KEY (`output_id`) REFERENCES `outputs` (`output_id`);

--
-- Constraints for table `impact_chain_ratios`
--
ALTER TABLE `impact_chain_ratios`
  ADD CONSTRAINT `impact_chain_ratios_ibfk_1` FOREIGN KEY (`impact_chain_id`) REFERENCES `impact_chains` (`id`) ON DELETE CASCADE,
  ADD CONSTRAINT `impact_chain_ratios_ibfk_2` FOREIGN KEY (`outcome_id`) REFERENCES `outcomes` (`outcome_id`);

--
-- Constraints for table `outcomes`
--
ALTER TABLE `outcomes`
  ADD CONSTRAINT `outcomes_ibfk_1` FOREIGN KEY (`output_id`) REFERENCES `outputs` (`output_id`) ON DELETE CASCADE;

--
-- Constraints for table `outputs`
--
ALTER TABLE `outputs`
  ADD CONSTRAINT `outputs_ibfk_1` FOREIGN KEY (`activity_id`) REFERENCES `activities` (`activity_id`) ON DELETE CASCADE;

--
-- Constraints for table `present_value_factors`
--
ALTER TABLE `present_value_factors`
  ADD CONSTRAINT `present_value_factors_ibfk_1` FOREIGN KEY (`year_id`) REFERENCES `years` (`year_id`) ON DELETE CASCADE ON UPDATE CASCADE;

--
-- Constraints for table `project_activities`
--
ALTER TABLE `project_activities`
  ADD CONSTRAINT `project_activities_ibfk_1` FOREIGN KEY (`project_id`) REFERENCES `projects` (`id`) ON DELETE CASCADE,
  ADD CONSTRAINT `project_activities_ibfk_2` FOREIGN KEY (`activity_id`) REFERENCES `activities` (`activity_id`) ON DELETE CASCADE;

--
-- Constraints for table `project_costs`
--
ALTER TABLE `project_costs`
  ADD CONSTRAINT `fk_project_costs_project` FOREIGN KEY (`project_id`) REFERENCES `projects` (`id`) ON DELETE CASCADE ON UPDATE CASCADE,
  ADD CONSTRAINT `fk_project_costs_user` FOREIGN KEY (`created_by`) REFERENCES `users` (`id`) ON DELETE CASCADE ON UPDATE CASCADE;

--
-- Constraints for table `project_impact_ratios`
--
ALTER TABLE `project_impact_ratios`
  ADD CONSTRAINT `project_impact_ratios_ibfk_1` FOREIGN KEY (`project_id`) REFERENCES `projects` (`id`) ON DELETE CASCADE;

--
-- Constraints for table `project_outcomes`
--
ALTER TABLE `project_outcomes`
  ADD CONSTRAINT `project_outcomes_ibfk_1` FOREIGN KEY (`project_id`) REFERENCES `projects` (`id`) ON DELETE CASCADE,
  ADD CONSTRAINT `project_outcomes_ibfk_2` FOREIGN KEY (`outcome_id`) REFERENCES `outcomes` (`outcome_id`) ON DELETE CASCADE;

--
-- Constraints for table `project_outputs`
--
ALTER TABLE `project_outputs`
  ADD CONSTRAINT `project_outputs_ibfk_1` FOREIGN KEY (`project_id`) REFERENCES `projects` (`id`) ON DELETE CASCADE,
  ADD CONSTRAINT `project_outputs_ibfk_2` FOREIGN KEY (`output_id`) REFERENCES `outputs` (`output_id`) ON DELETE CASCADE;

--
-- Constraints for table `project_strategies`
--
ALTER TABLE `project_strategies`
  ADD CONSTRAINT `project_strategies_ibfk_1` FOREIGN KEY (`project_id`) REFERENCES `projects` (`id`) ON DELETE CASCADE,
  ADD CONSTRAINT `project_strategies_ibfk_2` FOREIGN KEY (`strategy_id`) REFERENCES `strategies` (`strategy_id`) ON DELETE CASCADE;

--
-- Constraints for table `project_with_without`
--
ALTER TABLE `project_with_without`
  ADD CONSTRAINT `project_with_without_ibfk_1` FOREIGN KEY (`project_id`) REFERENCES `projects` (`id`) ON DELETE CASCADE;

--
-- Constraints for table `proxies`
--
ALTER TABLE `proxies`
  ADD CONSTRAINT `proxies_ibfk_1` FOREIGN KEY (`outcome_id`) REFERENCES `outcomes` (`outcome_id`) ON DELETE CASCADE;

--
-- Constraints for table `social_impact_pathway`
--
ALTER TABLE `social_impact_pathway`
  ADD CONSTRAINT `social_impact_pathway_ibfk_1` FOREIGN KEY (`project_id`) REFERENCES `projects` (`id`) ON DELETE CASCADE,
  ADD CONSTRAINT `social_impact_pathway_ibfk_2` FOREIGN KEY (`activity_id`) REFERENCES `activities` (`activity_id`) ON DELETE SET NULL,
  ADD CONSTRAINT `social_impact_pathway_ibfk_3` FOREIGN KEY (`output_id`) REFERENCES `outputs` (`output_id`) ON DELETE SET NULL,
  ADD CONSTRAINT `social_impact_pathway_ibfk_4` FOREIGN KEY (`outcome_id`) REFERENCES `outcomes` (`outcome_id`) ON DELETE SET NULL;
COMMIT;

/*!40101 SET CHARACTER_SET_CLIENT=@OLD_CHARACTER_SET_CLIENT */;
/*!40101 SET CHARACTER_SET_RESULTS=@OLD_CHARACTER_SET_RESULTS */;
/*!40101 SET COLLATION_CONNECTION=@OLD_COLLATION_CONNECTION */;
